run	success	duration	cost	ftissue_can	Kp_can	LI__CANIM_Vmax	KI__CANEX_k	GU__CANABS_k	LI__CAN2M5_Vmax	LI__CAN2M5_Km_can	LI__M5EX_Km_m5	LI__M5EX_Vmax	KI__M5EX_k	ftissue_m5	Kp_m5	LI__CAN2M7_Vmax	LI__M7EX_Vmax	KI__M7EX_k	ftissue_m7	Kp_m7	LI__CAN2M9_Vmax	message	x	x0
22	True	93.09857034683228	266.395990550133	0.5907025360669714	1.002186894659328	0.6724144350621386	0.003620232018677586	0.014857823531040652	0.004471516434657663	0.2949353932520439	0.1816949462855977	0.4480425136663779	0.10556919062775157	0.0034928983363240267	3.9832348764531975	0.0021458880935798876	0.12583509012327806	0.18975923261901775	0.0001225181482895269	2.7484358268874036	0.00564901762800668	`xtol` termination condition is satisfied.	"[5.90702536e-01 1.00218689e+00 6.72414435e-01 3.62023202e-03
 1.48578235e-02 4.47151643e-03 2.94935393e-01 1.81694946e-01
 4.48042514e-01 1.05569191e-01 3.49289834e-03 3.98323488e+00
 2.14588809e-03 1.25835090e-01 1.89759233e-01 1.22518148e-04
 2.74843583e+00 5.64901763e-03]"	"[4.69872452e-01 5.45245738e+00 2.34222415e+01 1.23039405e-03
 1.78207420e-02 1.65931710e-02 1.36406513e-02 5.46237573e+01
 3.01890121e-01 8.27725714e-01 2.00265182e-02 1.24491547e+01
 5.87316631e-03 1.39487470e+01 9.38099782e+00 1.33939255e-03
 3.76513244e+00 2.07214802e-02]"
89	True	111.40579652786255	267.15237785074817	0.663507434537238	1.000075290880135	0.16423286417629415	0.0036276115606131984	0.016090261435526075	0.5186953885579904	33.26750254017309	1.3425650877360538	168.14505014538247	0.10903127963786033	0.00174681868495614	6.994702589022274	0.0024190780846056136	0.027372994076100728	0.1919221033122787	0.0006816672928611343	5.779027151879627	0.0058137765756017855	`xtol` termination condition is satisfied.	"[6.63507435e-01 1.00007529e+00 1.64232864e-01 3.62761156e-03
 1.60902614e-02 5.18695389e-01 3.32675025e+01 1.34256509e+00
 1.68145050e+02 1.09031280e-01 1.74681868e-03 6.99470259e+00
 2.41907808e-03 2.73729941e-02 1.91922103e-01 6.81667293e-04
 5.77902715e+00 5.81377658e-03]"	"[2.22268619e+00 2.92206909e+01 3.52681288e+01 2.47733337e-01
 7.13744198e-03 7.79006621e-02 3.76392437e+01 1.26147489e-01
 2.52663747e+01 2.25998855e-01 3.58623995e-03 1.55105645e+01
 2.96287788e-03 1.11030103e-03 3.99972587e+00 8.16599146e-03
 2.05155480e+00 1.11865275e-02]"
77	True	125.19621467590332	267.2489725301279	0.6292554432685727	1.0000906904458406	0.08349515641922672	0.003662746349650464	0.01543051714722593	0.004509978426225353	0.279723217342958	0.2128408319766883	3.3286587631065796	0.1137816577951275	0.004899268918781114	2.3818754394066524	0.0025867550363059206	0.22970023088407956	0.19531717366796275	0.0008363063387004953	4.515935028653695	0.006274136278299006	`xtol` termination condition is satisfied.	"[6.29255443e-01 1.00009069e+00 8.34951564e-02 3.66274635e-03
 1.54305171e-02 4.50997843e-03 2.79723217e-01 2.12840832e-01
 3.32865876e+00 1.13781658e-01 4.89926892e-03 2.38187544e+00
 2.58675504e-03 2.29700231e-01 1.95317174e-01 8.36306339e-04
 4.51593503e+00 6.27413628e-03]"	"[1.06595078e-02 5.12500921e+00 1.15950394e+00 2.10792227e-03
 1.31500414e-03 3.61142125e-03 1.34217505e-01 3.63551625e+01
 1.90741546e-02 3.71749187e-02 3.99368067e-02 1.45720962e+01
 1.29428043e+00 5.57062898e+01 8.38040953e+00 1.63154531e-02
 8.41409338e+00 4.49259802e-03]"
90	True	90.87720918655396	267.29813467026287	0.6008827681591224	1.0087173334852744	0.21546549291558806	0.0036058824214080286	0.015288710654993265	0.11008234870368651	7.577599512547284	0.5922644029533429	1.6555404789804067	0.10758590075919817	0.0031104114661330605	3.333946222997486	0.002465833828412583	0.03340984583210419	0.18938034848121715	0.00014955263254592895	28.47055828385523	0.005601048465526222	`xtol` termination condition is satisfied.	"[6.00882768e-01 1.00871733e+00 2.15465493e-01 3.60588242e-03
 1.52887107e-02 1.10082349e-01 7.57759951e+00 5.92264403e-01
 1.65554048e+00 1.07585901e-01 3.11041147e-03 3.33394622e+00
 2.46583383e-03 3.34098458e-02 1.89380348e-01 1.49552633e-04
 2.84705583e+01 5.60104847e-03]"	"[2.61821141e-01 1.10027486e+00 2.55693907e+01 1.43412247e-01
 2.53357697e-03 5.44249918e-01 4.98083047e+00 6.52030025e+00
 1.91522459e+01 1.74470920e-02 7.19262607e-03 2.62552447e+01
 3.98328429e-04 9.31938178e-02 4.89386285e+00 2.38248568e-04
 8.90009003e+00 3.15214556e-02]"
75	True	88.7873682975769	268.003849038459	0.7479088380202916	1.0003981311107817	0.07742206676808769	0.003672578533917356	0.016673977267906894	0.34253328720135084	19.80433269290647	0.26835991536344034	159.39805915572356	0.11035117355124528	0.002175654404532849	6.198032597988262	0.002526011980849319	2.4672154308092207	0.20023267138161155	0.00010016523204994741	14.199267998607882	0.006356261775731898	`xtol` termination condition is satisfied.	"[7.47908838e-01 1.00039813e+00 7.74220668e-02 3.67257853e-03
 1.66739773e-02 3.42533287e-01 1.98043327e+01 2.68359915e-01
 1.59398059e+02 1.10351174e-01 2.17565440e-03 6.19803260e+00
 2.52601198e-03 2.46721543e+00 2.00232671e-01 1.00165232e-04
 1.41992680e+01 6.35626178e-03]"	"[9.57461850e-01 3.36103797e+01 9.04778698e+01 1.19059759e-01
 4.57788440e-03 1.05456672e+01 1.09159548e+00 6.69445252e+00
 1.80775558e+01 3.14349497e-01 1.13863482e-03 2.59028448e+01
 4.99302037e-03 2.80457500e-01 3.30861256e+00 1.16550658e-04
 1.24302265e+01 1.10778118e+01]"
86	True	142.5185158252716	268.1359554258957	0.5500027088028359	1.0011037262671652	0.15992751851034406	0.003589633154470086	0.01413301613187283	0.05550955842205409	3.144061310411357	3.839506626480341	0.25453978495239254	0.10572622502590431	0.003607124074968589	5.172112440652257	0.0028366968915555096	0.02257059910799	0.18628093054438052	0.00012186577226825218	75.81707860033589	0.00513738393599463	`xtol` termination condition is satisfied.	"[5.50002709e-01 1.00110373e+00 1.59927519e-01 3.58963315e-03
 1.41330161e-02 5.55095584e-02 3.14406131e+00 3.83950663e+00
 2.54539785e-01 1.05726225e-01 3.60712407e-03 5.17211244e+00
 2.83669689e-03 2.25705991e-02 1.86280931e-01 1.21865772e-04
 7.58170786e+01 5.13738394e-03]"	"[8.54871105e-02 3.06397751e+00 1.98664770e-02 1.07788376e-03
 3.76704329e-04 1.92246945e-01 2.44277213e-01 3.35329481e+00
 1.15485920e-01 3.28477961e-01 3.73178410e-02 1.17741146e+01
 2.88408008e-02 1.68768091e-01 1.18629342e-01 4.01962674e-04
 3.62771724e+00 1.92329823e-03]"
6	True	106.85421013832092	268.5185803927106	0.6216711912773564	1.007337437523297	0.32335379821293386	0.003585670339653548	0.015395327439127972	0.007483157705734884	0.46886228442766725	0.25502677517282724	0.24253996643589623	0.10237708511026844	0.0033571871669866435	4.415115083588917	0.0023852604245574198	1.9325056534525358	0.1756361023798978	0.0027863469098549434	2.5854886854132437	0.005288702839960131	`xtol` termination condition is satisfied.	"[6.21671191e-01 1.00733744e+00 3.23353798e-01 3.58567034e-03
 1.53953274e-02 7.48315771e-03 4.68862284e-01 2.55026775e-01
 2.42539966e-01 1.02377085e-01 3.35718717e-03 4.41511508e+00
 2.38526042e-03 1.93250565e+00 1.75636102e-01 2.78634691e-03
 2.58548869e+00 5.28870284e-03]"	"[6.72486963e-02 2.24803483e+00 5.17386404e+01 2.22372589e-01
 7.23007182e-01 7.36984706e-02 9.78929685e-02 4.77060671e-01
 2.18410174e+01 1.58651171e+00 7.03261413e-03 1.16131782e+01
 3.78575678e-01 3.05151993e-01 1.42868215e-01 7.82017384e+00
 2.07355005e+00 1.22728509e-03]"
28	True	111.73737978935242	269.22944421983976	0.48234271726352107	1.0069061187884425	0.05444220681835023	0.0036351171754548345	0.013026039464342873	0.2339375154289349	13.69179886939761	0.12103553287020719	0.023487411255716614	0.1146937990437159	0.0021641388258679516	4.877260567472349	0.0027011803568682915	0.911155753200241	0.19641798289183904	0.0011257304286785383	2.78824074135448	0.006757212580610359	`xtol` termination condition is satisfied.	"[4.82342717e-01 1.00690612e+00 5.44422068e-02 3.63511718e-03
 1.30260395e-02 2.33937515e-01 1.36917989e+01 1.21035533e-01
 2.34874113e-02 1.14693799e-01 2.16413883e-03 4.87726057e+00
 2.70118036e-03 9.11155753e-01 1.96417983e-01 1.12573043e-03
 2.78824074e+00 6.75721258e-03]"	"[1.62231575e+00 4.81075264e+01 1.89659210e-01 3.79780627e-02
 3.18075264e-03 6.85893551e-01 7.44296407e+00 8.91803562e-02
 9.71727571e-02 6.36213126e+00 3.40986126e-03 1.72597098e+01
 3.41964883e-04 1.80797384e-03 5.16815111e+00 6.73090235e-02
 1.18293872e+01 3.78128449e-03]"
67	True	120.68733811378479	269.28282414737924	0.8189867355217697	1.0069473674421827	0.28971631365142164	0.0036266588297707856	0.01832712193544756	0.042605418609311926	2.359561416950829	0.30977301382700406	2.178636101861413	0.10601323404416574	0.004219341233841817	5.521046239477673	0.002421559098293667	0.23250669953023675	0.18507878507765443	0.0011063951778807503	5.330235899287357	0.005318858975170641	`xtol` termination condition is satisfied.	"[8.18986736e-01 1.00694737e+00 2.89716314e-01 3.62665883e-03
 1.83271219e-02 4.26054186e-02 2.35956142e+00 3.09773014e-01
 2.17863610e+00 1.06013234e-01 4.21934123e-03 5.52104624e+00
 2.42155910e-03 2.32506700e-01 1.85078785e-01 1.10639518e-03
 5.33023590e+00 5.31885898e-03]"	"[1.04442673e+00 6.19168500e+00 4.57605886e+01 2.94194408e-03
 9.10442460e-04 9.66417761e-01 6.31333252e+00 2.84833195e-02
 5.43383308e-01 3.80575641e+00 1.66309055e-02 1.92628373e+00
 3.72799819e+00 1.17546899e+00 2.39455670e-01 6.53098521e-02
 6.79251704e+00 1.82728220e-03]"
65	True	129.63050198554993	269.4550289087525	0.9079873520092384	1.0017704607169948	0.837439478880728	0.0035850093011670536	0.01937526157994683	0.027145764282021163	1.5818584717575763	0.12676056564078597	0.7097605709315199	0.10220605759858538	0.004639382083478158	4.805319321814297	0.0022650361155216753	4.63724373282828	0.1792991403391842	0.00036685110427285203	10.170542874127891	0.005231416507628757	`xtol` termination condition is satisfied.	"[9.07987352e-01 1.00177046e+00 8.37439479e-01 3.58500930e-03
 1.93752616e-02 2.71457643e-02 1.58185847e+00 1.26760566e-01
 7.09760571e-01 1.02206058e-01 4.63938208e-03 4.80531932e+00
 2.26503612e-03 4.63724373e+00 1.79299140e-01 3.66851104e-04
 1.01705429e+01 5.23141651e-03]"	"[2.39567961e+00 4.62990256e+00 2.31135046e+01 2.53120996e-01
 3.92538745e-03 1.03097863e-02 1.75931961e+00 4.70492379e-01
 2.85084650e+00 2.71064454e-01 1.45155896e+00 7.52698198e+00
 2.12410774e-03 3.93403371e+00 2.18952770e+00 2.76376575e-03
 3.67311425e+00 2.11008578e+00]"
88	True	187.8488564491272	269.51848794005343	0.5771290505225195	1.0230746103794035	0.17862503547754602	0.0036067784266962397	0.014648649724177754	0.3073012288097113	20.18707558060271	1.4004785580379697	36.02525497461331	0.10444615609005926	0.0077704108699643915	1.7957105641099425	0.0022147140384868786	0.03520632599629671	0.18996421660861668	0.00012114614340395684	1.1738552438827003	0.005889788563786544	`xtol` termination condition is satisfied.	"[5.77129051e-01 1.02307461e+00 1.78625035e-01 3.60677843e-03
 1.46486497e-02 3.07301229e-01 2.01870756e+01 1.40047856e+00
 3.60252550e+01 1.04446156e-01 7.77041087e-03 1.79571056e+00
 2.21471404e-03 3.52063260e-02 1.89964217e-01 1.21146143e-04
 1.17385524e+00 5.88978856e-03]"	"[5.78518602e-02 1.36100723e+00 3.05391995e+01 4.07172171e-04
 7.57763474e-01 1.50335833e+01 2.84441820e+01 9.07662446e-01
 3.58936142e-02 6.37659560e-02 4.00687161e+00 3.36163481e+01
 6.11358513e-04 9.34834220e-01 7.38278247e+00 1.33849136e-04
 1.46040251e+00 3.28998446e-01]"
30	True	105.41297364234924	269.77574682046946	0.5209781151890762	1.0179530988870011	8.410803414159878	0.003543233974441591	0.013890515551896446	0.11798524712218611	7.711764627581273	35.56109516131611	80.25778522928451	0.10019076912238767	0.0010381632953920567	12.50478634512625	0.0021416320445403207	93.369910174167	0.18150239332277274	0.002232119172662963	1.1493799145630588	0.005303420115068743	`xtol` termination condition is satisfied.	"[5.20978115e-01 1.01795310e+00 8.41080341e+00 3.54323397e-03
 1.38905156e-02 1.17985247e-01 7.71176463e+00 3.55610952e+01
 8.02577852e+01 1.00190769e-01 1.03816330e-03 1.25047863e+01
 2.14163204e-03 9.33699102e+01 1.81502393e-01 2.23211917e-03
 1.14937991e+00 5.30342012e-03]"	"[5.22489027e+00 8.40151312e+00 3.58873431e+01 4.17561068e-03
 8.50567461e-04 3.48039046e-02 1.87427501e+01 3.68593424e+01
 1.62669636e-02 2.98763130e-01 1.55579556e-03 3.09834487e+01
 8.81083547e-03 5.45068313e+00 7.40260834e-01 1.64295591e-01
 7.27531608e+00 6.24233537e-03]"
24	True	129.71884489059448	271.8797155908679	0.7720616531219678	1.0004755593850103	0.015261137221179484	0.003672207186963444	0.01700680828232099	0.009521702525494372	0.20352751167185484	4.082413102676504	12.615549623697527	0.10933995661135809	0.007630899589946898	3.3966217188021286	0.00685677159758354	0.02094010086291108	0.18662111958305386	0.001641164059636519	7.836118750426246	0.012825924494397081	`xtol` termination condition is satisfied.	"[7.72061653e-01 1.00047556e+00 1.52611372e-02 3.67220719e-03
 1.70068083e-02 9.52170253e-03 2.03527512e-01 4.08241310e+00
 1.26155496e+01 1.09339957e-01 7.63089959e-03 3.39662172e+00
 6.85677160e-03 2.09401009e-02 1.86621120e-01 1.64116406e-03
 7.83611875e+00 1.28259245e-02]"	"[1.40396920e-01 8.61291316e+00 4.59089567e-01 2.73646093e-03
 4.32724318e-04 7.54619923e-02 9.51654016e-03 2.33940045e+01
 2.41939119e+00 3.08467648e-02 4.65605023e+00 9.88437137e+00
 4.32382038e-01 2.35119765e-01 1.83362721e+00 3.44996773e-01
 1.40716714e+02 2.81570411e-03]"
49	True	90.2738676071167	272.0863821788772	0.849399756304072	1.0025154813898496	0.009475947049146762	0.0036285364941267984	0.017906003185928075	0.0846107915963184	0.07886668594696944	0.736058740599791	0.9049053650058618	0.10579148650535211	0.00433659342584988	4.986662012569181	0.1608819473876024	0.18076323490330493	0.18495110985908572	0.0002339982328575529	38.76260842922744	0.303951880229008	`xtol` termination condition is satisfied.	"[8.49399756e-01 1.00251548e+00 9.47594705e-03 3.62853649e-03
 1.79060032e-02 8.46107916e-02 7.88666859e-02 7.36058741e-01
 9.04905365e-01 1.05791487e-01 4.33659343e-03 4.98666201e+00
 1.60881947e-01 1.80763235e-01 1.84951110e-01 2.33998233e-04
 3.87626084e+01 3.03951880e-01]"	"[3.81102125e-01 1.67161942e+01 5.29046119e-01 8.61678313e-02
 3.47724640e-01 5.00332761e-02 9.13717995e-03 6.98109058e+01
 1.61891703e-02 9.49318593e-02 6.32782169e-03 3.17408274e+00
 1.30532952e+00 1.55088508e-01 3.93526259e-01 1.99710196e-04
 5.92152802e+01 7.80676102e-02]"
26	True	118.83102512359619	272.2985955008956	0.812909089064298	1.0011472320444814	0.00937775982828445	0.0036564309664507623	0.017679711761763108	46.48011378719943	1.6615173618568835	5.283114370331324	2.5694456113452215	0.1055914667526862	0.002249606287795262	6.639621934306993	3.8227531412727154	0.04395542648303565	0.19465476947197824	0.00015974206789787855	5.47121222218712	9.81811119149286	`xtol` termination condition is satisfied.	"[8.12909089e-01 1.00114723e+00 9.37775983e-03 3.65643097e-03
 1.76797118e-02 4.64801138e+01 1.66151736e+00 5.28311437e+00
 2.56944561e+00 1.05591467e-01 2.24960629e-03 6.63962193e+00
 3.82275314e+00 4.39554265e-02 1.94654769e-01 1.59742068e-04
 5.47121222e+00 9.81811119e+00]"	"[2.30656900e-01 1.74693665e+00 4.17143259e-02 1.39468679e-01
 4.57480368e-03 6.07287580e+01 3.26513893e-01 2.05295113e-01
 1.31718489e+01 3.94965243e-01 7.85233315e-03 4.60410557e+01
 8.45945932e-02 2.02479588e+00 1.50854660e-01 1.05330334e+00
 4.61642744e+01 9.22628391e+01]"
81	True	133.51325964927673	272.32113926091705	1.0496629328344067	1.0000586118157515	0.009629803846766309	0.0036830119799413207	0.01996600071540359	5.854539428337607	5.717235706817809	13.286193888846835	19.741788978224086	0.10764002979931683	0.011300036671025677	2.3287986202947506	0.13651300259000118	0.1834741215728983	0.19303147371711288	0.0004023472566692312	10.791693322975856	0.3075885830439827	`xtol` termination condition is satisfied.	"[1.04966293e+00 1.00005861e+00 9.62980385e-03 3.68301198e-03
 1.99660007e-02 5.85453943e+00 5.71723571e+00 1.32861939e+01
 1.97417890e+01 1.07640030e-01 1.13000367e-02 2.32879862e+00
 1.36513003e-01 1.83474122e-01 1.93031474e-01 4.02347257e-04
 1.07916933e+01 3.07588583e-01]"	"[9.15105385e-01 1.33266952e+01 9.06755998e-01 8.86166320e-03
 1.18803964e-04 3.58611436e+00 6.53594613e-01 1.72036218e+01
 1.37606861e+02 2.69263969e+00 1.63413774e-01 7.31776219e+00
 9.18225576e-01 3.85110504e-02 1.42915956e+00 5.91136380e-01
 6.16088581e+01 7.00618256e+00]"
60	True	120.92944359779358	272.5396137753757	0.6714207751912568	1.0024186628738923	0.009335955395954004	0.0036551173311299054	0.015394115710785116	0.2828362818143448	0.004120779636165384	0.6163822420308698	5.923917070606893	0.10851121343601387	0.013215656549719472	1.1519814625977196	10.717274203958183	0.04858694152733391	0.19135175382784123	0.0002998061664430932	12.080976717780127	25.651134114994324	`xtol` termination condition is satisfied.	"[6.71420775e-01 1.00241866e+00 9.33595540e-03 3.65511733e-03
 1.53941157e-02 2.82836282e-01 4.12077964e-03 6.16382242e-01
 5.92391707e+00 1.08511213e-01 1.32156565e-02 1.15198146e+00
 1.07172742e+01 4.85869415e-02 1.91351754e-01 2.99806166e-04
 1.20809767e+01 2.56511341e+01]"	"[6.73446741e+00 1.90555321e+00 2.36473503e-01 5.03221710e-01
 4.75488660e-03 5.11094642e-03 1.42888118e-02 7.79269348e+00
 1.20808721e+02 3.04371397e-02 3.79999271e+00 6.02355544e+00
 6.55350694e+01 4.03917450e-03 2.92668982e-01 1.82778157e-04
 1.22706669e+00 5.03427457e+01]"
33	True	157.11750054359436	272.63055992125464	0.9120103841468734	1.000062950861652	0.009433124254088746	0.003667160475369135	0.018501333218244022	1.5242642174141285	0.15504658435744545	0.5567829239875555	2.6553472801687525	0.10884389656139219	0.006830847140906156	3.1348336272112545	1.5608173063598352	0.05390670312687421	0.18094727874037383	0.0022959270319363044	6.52895380790579	2.900906287094039	`xtol` termination condition is satisfied.	"[9.12010384e-01 1.00006295e+00 9.43312425e-03 3.66716048e-03
 1.85013332e-02 1.52426422e+00 1.55046584e-01 5.56782924e-01
 2.65534728e+00 1.08843897e-01 6.83084714e-03 3.13483363e+00
 1.56081731e+00 5.39067031e-02 1.80947279e-01 2.29592703e-03
 6.52895381e+00 2.90090629e+00]"	"[9.67396381e-01 2.37525773e+01 1.81884352e-01 1.22961505e-04
 7.71320920e-02 7.10973084e+01 1.33860436e-02 1.22368150e-02
 1.57409261e+01 6.02138343e-02 2.87777152e-01 4.08836245e+00
 4.93059470e+00 1.96513102e-01 2.42189780e+00 8.11070271e-03
 1.87074811e+01 1.05223262e+00]"
98	True	176.1949315071106	272.89378763581414	0.7178940135419771	1.001728539220106	0.009314158077825332	0.0036169467089508865	0.0160575646081162	95.86202272946224	21.7114467058447	6.671136190811143	89.95517734319766	0.10645345740550873	0.005950467529266704	2.0624574564623788	0.6690001887357883	0.02369495337783142	0.1849867491466566	0.0009358518632153881	2.1431613380677303	1.7224917852722659	`xtol` termination condition is satisfied.	"[7.17894014e-01 1.00172854e+00 9.31415808e-03 3.61694671e-03
 1.60575646e-02 9.58620227e+01 2.17114467e+01 6.67113619e+00
 8.99551773e+01 1.06453457e-01 5.95046753e-03 2.06245746e+00
 6.69000189e-01 2.36949534e-02 1.84986749e-01 9.35851863e-04
 2.14316134e+00 1.72249179e+00]"	"[4.57074942e-02 1.57983785e+00 6.39597636e-01 2.98219113e-01
 1.25492526e-04 4.03621635e+01 8.62027393e+01 4.20231248e-01
 6.13084479e+01 5.62744361e-01 1.03545498e+00 1.00744186e+01
 3.32903841e-01 1.82637428e-03 1.77974890e-01 1.37791652e-01
 4.93727959e+00 1.77965222e+01]"
41	True	171.69854474067688	272.9155507582444	0.9052202286554768	1.0010659524873973	0.009446285534585968	0.003678132348809471	0.01873335559794164	2.0175331539053567	0.3033194030243932	2.639637266346378	0.7055288105303	0.1052621916643503	0.0030176610366502493	9.198836654367913	0.7403038916692477	6.997256938453525	0.19415719724183375	0.001108624286523916	1.8244788494683197	1.7493429667523106	`xtol` termination condition is satisfied.	"[9.05220229e-01 1.00106595e+00 9.44628553e-03 3.67813235e-03
 1.87333556e-02 2.01753315e+00 3.03319403e-01 2.63963727e+00
 7.05528811e-01 1.05262192e-01 3.01766104e-03 9.19883665e+00
 7.40303892e-01 6.99725694e+00 1.94157197e-01 1.10862429e-03
 1.82447885e+00 1.74934297e+00]"	"[9.97906697e-02 2.16066855e+00 8.80212985e+00 2.90352034e-04
 2.70893532e-04 1.75300386e+00 3.37229645e-01 9.41981804e+00
 4.85255007e-02 1.83471060e+00 2.60340066e-03 2.22025565e+01
 9.23684064e-04 9.32844457e+00 7.33846858e+00 2.29550146e-01
 1.19712166e+01 8.03157145e+01]"
76	True	106.30983281135559	273.01764028007904	0.9944956322034668	1.0041277756954012	0.009406476124800561	0.0036561038529833783	0.01933359819840301	0.01091251835111732	0.002023456229998661	10.892672755614653	54.05053612659811	0.1039165654960241	0.0010937640981967468	11.853588379177793	0.7817553508563176	0.12563042249088233	0.1871453149017408	0.002905116348891617	1.8110927286814058	1.8590612121426087	`xtol` termination condition is satisfied.	"[9.94495632e-01 1.00412778e+00 9.40647612e-03 3.65610385e-03
 1.93335982e-02 1.09125184e-02 2.02345623e-03 1.08926728e+01
 5.40505361e+01 1.03916565e-01 1.09376410e-03 1.18535884e+01
 7.81755351e-01 1.25630422e-01 1.87145315e-01 2.90511635e-03
 1.81109273e+00 1.85906121e+00]"	"[6.19946981e+00 3.66738075e+00 1.28673394e-03 7.07594381e-03
 4.16204358e-01 3.26959712e+01 1.92919950e-03 1.51673006e-02
 1.89216161e+02 2.17458694e+00 3.10625958e-01 3.08860696e+00
 7.23665306e+01 1.00497535e-03 1.24742900e-01 3.25523855e+00
 3.41978949e+01 1.13395318e-01]"
3	True	124.38679051399231	273.0453718432089	1.227598821136484	1.0000630424996295	0.2717388245382834	0.0036910711534276085	0.02322256996030765	0.03733939791038512	2.1456015121029055	0.773003902029693	2.291106680474445	0.105884292792753	0.012669981829184648	1.9199758949895962	0.0028681329169037424	0.020804522109326335	0.175383105166227	0.0017278730803822002	9.222509170111845	0.005198530779482126	`xtol` termination condition is satisfied.	"[1.22759882e+00 1.00006304e+00 2.71738825e-01 3.69107115e-03
 2.32225700e-02 3.73393979e-02 2.14560151e+00 7.73003902e-01
 2.29110668e+00 1.05884293e-01 1.26699818e-02 1.91997589e+00
 2.86813292e-03 2.08045221e-02 1.75383105e-01 1.72787308e-03
 9.22250917e+00 5.19853078e-03]"	"[1.97381864e+00 6.10238618e+00 5.49443995e-01 3.33979988e-03
 5.75487524e-02 7.35060798e-03 1.02896528e+01 1.77660420e+00
 4.61253823e-01 1.64394363e-01 1.73276208e+00 1.03856012e+01
 1.46908139e-04 5.17063763e-03 2.76481752e+00 4.41762895e-02
 1.03624574e+02 4.02345826e-02]"
59	True	114.314870595932	273.06026624174126	1.0092778961555582	1.0002687035504796	0.009430252882218158	0.0036487173466034327	0.0193954097126903	0.03212489747763275	0.013401260075529867	0.03872723940826137	0.01297505801051608	0.10473539884612697	0.009934814035350781	2.744006944010044	0.32822440239672396	5.7254547924281525	0.18111103875439966	0.0006887853021653621	11.789806398551837	0.6507643264524441	`xtol` termination condition is satisfied.	"[1.00927790e+00 1.00026870e+00 9.43025288e-03 3.64871735e-03
 1.93954097e-02 3.21248975e-02 1.34012601e-02 3.87272394e-02
 1.29750580e-02 1.04735399e-01 9.93481404e-03 2.74400694e+00
 3.28224402e-01 5.72545479e+00 1.81111039e-01 6.88785302e-04
 1.17898064e+01 6.50764326e-01]"	"[4.34396197e-01 6.41326442e+00 2.56494636e-01 4.04910463e-01
 2.52774681e-04 7.79334519e-03 6.18254865e-03 1.54668017e-01
 5.16872918e+01 5.86014459e-02 2.35546930e+00 1.14214246e+00
 5.26893614e+01 7.06820652e+00 2.26031153e-01 2.13200029e+00
 8.32751934e+01 7.63738489e-02]"
8	True	67.7007532119751	273.2223683652838	0.6447005895899877	1.0004285811136364	0.009270643311241982	0.003620003430039817	0.014979128992560178	6.770922563260939	0.605784454621555	0.129066686679624	5.043951014676938	0.11244755637573148	0.0038740843884512675	2.140354064074452	1.9163154111989067	0.1271728258493514	0.1802586317565672	0.0004688148718439088	12.539739454523902	4.444795777947593	`xtol` termination condition is satisfied.	"[6.44700590e-01 1.00042858e+00 9.27064331e-03 3.62000343e-03
 1.49791290e-02 6.77092256e+00 6.05784455e-01 1.29066687e-01
 5.04395101e+00 1.12447556e-01 3.87408439e-03 2.14035406e+00
 1.91631541e+00 1.27172826e-01 1.80258632e-01 4.68814872e-04
 1.25397395e+01 4.44479578e+00]"	"[1.48816791e-01 1.07489250e+00 3.03609953e-02 6.39675255e-04
 3.33814660e-04 1.08517588e+01 8.18041688e+00 1.78007166e+01
 1.07714299e-01 9.19664580e-01 3.03250770e-03 2.97407269e+00
 7.06876957e-01 5.15462259e+00 4.19051695e-01 7.07823865e-04
 1.55665384e+01 2.98537745e+01]"
54	True	98.84957361221313	273.45304321485474	1.2681907344851346	1.0008706933931608	0.010472348081537962	0.0036932923512399156	0.02271605749260459	1.1952111440474706	6.307465444610991	0.1120829540209372	2.2862472736895123	0.10514805774812529	0.00263537608410608	6.828130665943361	0.024576617275591503	0.5333153862133089	0.19432217724258663	0.00016001598723022943	3.4612046455125216	0.06411166004210882	`xtol` termination condition is satisfied.	"[1.26819073e+00 1.00087069e+00 1.04723481e-02 3.69329235e-03
 2.27160575e-02 1.19521114e+00 6.30746544e+00 1.12082954e-01
 2.28624727e+00 1.05148058e-01 2.63537608e-03 6.82813067e+00
 2.45766173e-02 5.33315386e-01 1.94322177e-01 1.60015987e-04
 3.46120465e+00 6.41116600e-02]"	"[9.32062164e-02 2.04007118e+00 2.67563274e+01 2.52696686e-04
 8.63007371e-03 9.49821033e+00 1.58699467e+01 1.01396636e+01
 1.07811516e+01 2.99572036e-01 1.98992055e-03 4.07599688e+00
 1.11867077e-01 1.29334840e+01 5.46734722e-01 1.80846225e-04
 1.45167411e+00 1.31547882e+01]"
70	True	104.09219360351562	273.5474142448514	0.7540488458478097	1.0041091112988718	0.00960116411571979	0.0036632268226070405	0.01723400061435998	0.38249990306637854	0.5021973280633841	15.187957412685057	2.562757034235148	0.10913820263306401	0.009358871716236575	2.2250527451645756	0.10333532333821181	11.766262641957075	0.19854084665844285	0.0014212036101819276	1.9822808614272827	0.25712959887078585	`xtol` termination condition is satisfied.	"[7.54048846e-01 1.00410911e+00 9.60116412e-03 3.66322682e-03
 1.72340006e-02 3.82499903e-01 5.02197328e-01 1.51879574e+01
 2.56275703e+00 1.09138203e-01 9.35887172e-03 2.22505275e+00
 1.03335323e-01 1.17662626e+01 1.98540847e-01 1.42120361e-03
 1.98228086e+00 2.57129599e-01]"	"[5.10168238e-02 1.69586105e+00 1.02664578e-01 7.99123045e-04
 1.09277170e-04 2.10931992e-02 4.40202406e-01 2.97123156e-01
 3.14265631e+00 1.94520634e-02 9.35498000e-01 1.79259845e+00
 1.59380505e-01 1.29256550e+01 5.18964454e-01 5.42388525e-02
 5.17308718e+00 5.72953273e-01]"
50	True	111.81794881820679	273.59597976681164	0.7850969983213496	1.0047687889795092	0.009270843454538475	0.003510977892106866	0.016698323982156246	11.979089051702815	9.754925214810303	87.0089069848937	15.993508364886123	0.1001564460597981	0.0065617448928152865	4.38165489259285	0.14888482234036826	0.03875726996558914	0.17485130789334571	0.00010438395254868338	28.210402515194932	0.32259190676658434	`xtol` termination condition is satisfied.	"[7.85096998e-01 1.00476879e+00 9.27084345e-03 3.51097789e-03
 1.66983240e-02 1.19790891e+01 9.75492521e+00 8.70089070e+01
 1.59935084e+01 1.00156446e-01 6.56174489e-03 4.38165489e+00
 1.48884822e-01 3.87572700e-02 1.74851308e-01 1.04383953e-04
 2.82104025e+01 3.22591907e-01]"	"[4.87569159e+00 4.68679426e+00 6.88918744e+01 2.50166209e-02
 3.04039454e-02 7.43918332e+01 4.16134275e+00 5.10051038e+00
 2.24236421e-02 8.02958464e-01 4.90957763e-03 8.23178155e+00
 7.61805545e-02 1.00402132e-02 3.60173720e-01 7.43376387e-01
 2.38366944e+02 9.80682172e+00]"
52	True	85.5758147239685	273.673400789374	0.7218516824990796	1.002214760710344	0.009286815520625675	0.003617837963661476	0.016806024020719238	0.21262518694158808	0.1418298691143564	0.8651880182184385	6.235449123305535	0.10764352089696473	0.006870872390798446	2.1801362838771836	0.2280231903080546	0.016781136787670105	0.1927039664678906	0.000639336057436324	4.508320627213793	0.5423408600428644	`xtol` termination condition is satisfied.	"[7.21851682e-01 1.00221476e+00 9.28681552e-03 3.61783796e-03
 1.68060240e-02 2.12625187e-01 1.41829869e-01 8.65188018e-01
 6.23544912e+00 1.07643521e-01 6.87087239e-03 2.18013628e+00
 2.28023190e-01 1.67811368e-02 1.92703966e-01 6.39336057e-04
 4.50832063e+00 5.42340860e-01]"	"[9.98308540e-01 1.23644194e+01 6.99327473e-02 1.68457503e-04
 2.11844306e-03 6.35331027e-01 5.41464842e-02 3.18217617e-01
 7.19378770e-02 2.84264751e-02 2.47365876e-02 3.67558672e+01
 1.44265739e-02 2.43852637e-03 1.85990073e+00 3.08821542e-03
 4.20102940e+00 2.72067866e-01]"
12	True	109.04207730293274	273.76186320352576	0.6394041541115876	1.0018619712210761	0.009178440199209006	0.0035995215871958614	0.015175411300916297	3.8443433751620257	0.17278484323030152	1.2558096283094589	1.0683241185581949	0.10243796448607827	0.005377238032817881	3.6738778772093266	2.863974438020504	0.084964285280271	0.18295137756867613	0.0002571927661252589	4.01650271053057	7.056417023171085	`xtol` termination condition is satisfied.	"[6.39404154e-01 1.00186197e+00 9.17844020e-03 3.59952159e-03
 1.51754113e-02 3.84434338e+00 1.72784843e-01 1.25580963e+00
 1.06832412e+00 1.02437964e-01 5.37723803e-03 3.67387788e+00
 2.86397444e+00 8.49642853e-02 1.82951378e-01 2.57192766e-04
 4.01650271e+00 7.05641702e+00]"	"[1.07068068e+00 2.57628066e+01 1.03639918e-02 1.54421440e-04
 1.13890124e-01 8.20775419e+01 4.05836575e-01 6.54374164e+01
 6.13705650e-02 1.01320297e-02 3.21520072e-03 2.94720484e+00
 6.00454206e+00 1.25083472e-01 4.63939236e-01 2.14284939e-01
 6.21740552e+00 3.65733218e+00]"
39	True	82.07022833824158	273.8168442451338	1.438237030879737	1.0001068965479345	0.010009481326086467	0.003723868275746699	0.024133239036575698	4.409712457625507	10.326951218963002	0.5952721500533233	0.6247900920216698	0.10291371295601216	0.012786110260882905	1.735844113816568	0.06311190991865509	0.09323203047752089	0.18887673713535663	0.004070403520911349	2.2559729898533654	0.13943771541346137	`xtol` termination condition is satisfied.	"[1.43823703e+00 1.00010690e+00 1.00094813e-02 3.72386828e-03
 2.41332390e-02 4.40971246e+00 1.03269512e+01 5.95272150e-01
 6.24790092e-01 1.02913713e-01 1.27861103e-02 1.73584411e+00
 6.31119099e-02 9.32320305e-02 1.88876737e-01 4.07040352e-03
 2.25597299e+00 1.39437715e-01]"	"[1.49745352e+00 3.86123699e+00 2.50683889e+01 4.45600968e-02
 2.65776067e-01 9.36971131e+00 6.42180197e+00 1.09883125e+00
 4.74889476e+01 3.16330299e-01 3.65351968e-02 2.11937328e+00
 2.62218700e-04 2.07180074e+00 2.00910584e-01 2.45001083e-03
 1.24839617e+00 3.21079432e+00]"
79	True	131.1761441230774	274.1016019850502	1.2254504391168104	1.0011537943504933	0.01132998994060693	0.003710177446798627	0.022152383556969406	0.4146569249001423	3.4702642018658816	1.1818044143568291	1.2235863653261927	0.1074065754308314	0.009403041716294209	3.087193113284175	0.017755898063748405	0.020706175069315484	0.18064250426962164	0.0009176065262785486	15.757328335581603	0.03138249122926105	`xtol` termination condition is satisfied.	"[1.22545044e+00 1.00115379e+00 1.13299899e-02 3.71017745e-03
 2.21523836e-02 4.14656925e-01 3.47026420e+00 1.18180441e+00
 1.22358637e+00 1.07406575e-01 9.40304172e-03 3.08719311e+00
 1.77558981e-02 2.07061751e-02 1.80642504e-01 9.17606526e-04
 1.57573283e+01 3.13824912e-02]"	"[2.81930204e+00 3.02691073e+00 3.67615423e+00 1.88508077e-02
 8.09318232e-02 1.87775128e-03 1.63119335e+01 1.42316246e-01
 4.61532048e+01 2.97734131e+00 2.14934877e-01 1.33721331e+00
 8.89703825e+00 1.00917015e-02 4.08928188e+00 6.24526698e-03
 1.28534052e+02 2.24613841e-02]"
45	True	112.65599799156189	274.16719219669073	7.71316208747204	1.0000373746400386	0.0101543336912294	0.0039050589793653773	0.044907686353481725	2.588822141243702	0.12703896325185338	0.4792800387836037	0.15341655401888835	0.11177502543143439	0.002409558891221529	6.764986890142794	2.950818886682218	0.1592305858396573	0.19763414167565913	0.0009761034444211762	5.395953845500171	7.080446602111426	`xtol` termination condition is satisfied.	"[7.71316209e+00 1.00003737e+00 1.01543337e-02 3.90505898e-03
 4.49076864e-02 2.58882214e+00 1.27038963e-01 4.79280039e-01
 1.53416554e-01 1.11775025e-01 2.40955889e-03 6.76498689e+00
 2.95081889e+00 1.59230586e-01 1.97634142e-01 9.76103444e-04
 5.39595385e+00 7.08044660e+00]"	"[2.41371592e+00 6.78515835e+00 1.26283372e+01 9.55244592e-01
 1.50634554e-03 3.53167282e-01 2.22697106e+00 9.25133966e-01
 2.77118293e+01 6.66481947e+00 7.79194161e-01 2.57284877e+01
 2.45323884e+00 1.25088148e+01 9.27347991e-01 1.67488632e-03
 2.33874726e+01 1.45260165e+01]"
27	True	122.48145771026611	274.1683005507746	0.8533276244493497	1.0094632223970998	0.009552507986988335	0.003647053010450037	0.0181630278675237	0.4866451920356667	0.7391226965299856	0.7737017227666251	0.8151453570172792	0.11663114989299125	0.01062026496464148	1.102946430645671	0.10594563047073537	5.196792683959298	0.18925872625141574	0.0039153154247349945	1.0977429675653763	0.2646679098666489	`xtol` termination condition is satisfied.	"[8.53327624e-01 1.00946322e+00 9.55250799e-03 3.64705301e-03
 1.81630279e-02 4.86645192e-01 7.39122697e-01 7.73701723e-01
 8.15145357e-01 1.16631150e-01 1.06202650e-02 1.10294643e+00
 1.05945630e-01 5.19679268e+00 1.89258726e-01 3.91531542e-03
 1.09774297e+00 2.64667910e-01]"	"[7.04026112e-01 2.97691269e+00 1.79381706e-02 1.57809722e-04
 1.03127587e-01 1.00978218e-01 8.68229179e+01 5.22681572e-01
 5.81956783e-01 7.11541559e-02 2.34165167e+00 1.47092229e+00
 2.07582883e-02 3.67673312e-03 3.58842809e-01 1.28399432e-01
 2.46712904e+00 3.89762340e+00]"
21	True	85.72261595726013	274.29190890332325	1.3746671423997874	1.001116911588268	0.07090093737552088	0.003707062161083684	0.025395831595723697	0.05236327625875755	3.028139021081702	8.878114298193632	94.55972058928748	0.10881552641137278	0.014318378558180756	1.3351311635705367	0.002613032820097398	2.0396534543065266	0.19048623927283428	0.0008852996360714974	5.302528421911608	0.006364953286662895	`xtol` termination condition is satisfied.	"[1.37466714e+00 1.00111691e+00 7.09009374e-02 3.70706216e-03
 2.53958316e-02 5.23632763e-02 3.02813902e+00 8.87811430e+00
 9.45597206e+01 1.08815526e-01 1.43183786e-02 1.33513116e+00
 2.61303282e-03 2.03965345e+00 1.90486239e-01 8.85299636e-04
 5.30252842e+00 6.36495329e-03]"	"[4.21083322e+00 1.02705429e+00 4.09149777e+01 5.70544055e-03
 5.42778980e-02 1.76546982e-03 1.78190250e+00 6.07564302e+00
 6.76666992e+01 3.37333550e+00 1.16444540e+00 6.29887301e+00
 1.54100697e-01 4.97326342e-02 9.53816351e-01 9.19352116e-03
 7.42349592e+00 2.06016841e+00]"
63	True	121.95520377159119	274.68985465183346	0.866500899192031	1.0052026827932912	0.009401901136480149	0.0035935079129580326	0.01860471577220106	2.830200644676514	2.6934795934123477	0.018124438852002458	12.72627756395343	0.10902325641873632	0.00780801623195486	2.040160688031233	0.16716408076668682	0.07566331980379937	0.22192513587533771	0.0067529584070255685	1.0126821167351177	0.37751790600671653	`xtol` termination condition is satisfied.	"[8.66500899e-01 1.00520268e+00 9.40190114e-03 3.59350791e-03
 1.86047158e-02 2.83020064e+00 2.69347959e+00 1.81244389e-02
 1.27262776e+01 1.09023256e-01 7.80801623e-03 2.04016069e+00
 1.67164081e-01 7.56633198e-02 2.21925136e-01 6.75295841e-03
 1.01268212e+00 3.77517906e-01]"	"[2.22015541e-01 8.58759808e+00 3.85439400e-01 8.32000661e-03
 1.03683644e-04 1.31472606e+00 1.22588849e+01 3.21416787e+01
 1.68126543e-02 4.17104654e-01 8.37807046e-02 2.24435832e+00
 7.46292120e-04 2.27288923e-03 5.35868373e-01 1.97341343e+00
 3.48279888e+01 7.42074052e+00]"
42	True	138.67568922042847	274.72916214679344	2.452661334245117	1.0000271765775426	0.013930574150923991	0.0037801873303457854	0.031901989569124115	0.15324669959856774	2.7304630272353236	0.5502138531550211	138.39065370584103	0.10996903381340559	0.010394458194329355	2.02945305065958	0.008082857618756455	0.03167177777131274	0.19617896459613635	0.0003206503607566559	12.524380348894953	0.019222196349403215	`xtol` termination condition is satisfied.	"[2.45266133e+00 1.00002718e+00 1.39305742e-02 3.78018733e-03
 3.19019896e-02 1.53246700e-01 2.73046303e+00 5.50213853e-01
 1.38390654e+02 1.09969034e-01 1.03944582e-02 2.02945305e+00
 8.08285762e-03 3.16717778e-02 1.96178965e-01 3.20650361e-04
 1.25243803e+01 1.92221963e-02]"	"[1.62533123e-01 2.40620464e+00 9.25640888e+01 1.12175927e-03
 1.49231383e-02 1.39625827e-02 2.34518419e+01 6.43263113e-02
 1.57826432e+00 1.37712228e-02 5.94242067e+00 3.76975150e+00
 2.85393669e+01 6.56572819e-01 4.50411027e-01 9.74903307e-02
 1.50984463e+00 1.93835829e-01]"
13	True	122.59320187568665	274.9305878696317	0.9528310011532697	1.0015575976218136	0.009173256719355071	0.0035575247421629212	0.018431775476455747	0.10395815540370842	0.0048406927694178885	0.02149418592725892	18.776220748743185	0.09494930611111597	0.004078217042763264	7.650220976300666	2.3832601378690095	0.19706227107687496	0.16985593466375018	0.0002946634432825038	14.159042526347157	4.869824558082147	`xtol` termination condition is satisfied.	"[9.52831001e-01 1.00155760e+00 9.17325672e-03 3.55752474e-03
 1.84317755e-02 1.03958155e-01 4.84069277e-03 2.14941859e-02
 1.87762207e+01 9.49493061e-02 4.07821704e-03 7.65022098e+00
 2.38326014e+00 1.97062271e-01 1.69855935e-01 2.94663443e-04
 1.41590425e+01 4.86982456e+00]"	"[2.27564010e+00 1.31579997e+00 1.66266084e-03 6.28233457e-02
 3.25788976e-01 1.34677469e-02 1.76407345e-03 4.60433629e+00
 1.52461993e+00 2.62194276e-02 9.57085729e+00 1.42463374e+01
 3.32101528e-03 4.23702079e-03 7.01437609e-01 1.89303949e+00
 9.21911290e+01 4.43388071e-01]"
83	True	110.92688417434692	275.21220564016176	5.189001827163516	1.0007045530544665	0.010160769697816239	0.003885771734007303	0.04046002388054644	0.43019117498588005	0.2670477664785941	0.6798661085737195	1.9023277487270052	0.11008223632827488	0.012359835579157265	1.585961853633221	0.2864626416089345	4.140278735750394	0.1814726535762951	0.003095456977202206	6.197836683986956	0.5316559164550013	`xtol` termination condition is satisfied.	"[5.18900183e+00 1.00070455e+00 1.01607697e-02 3.88577173e-03
 4.04600239e-02 4.30191175e-01 2.67047766e-01 6.79866109e-01
 1.90232775e+00 1.10082236e-01 1.23598356e-02 1.58596185e+00
 2.86462642e-01 4.14027874e+00 1.81472654e-01 3.09545698e-03
 6.19783668e+00 5.31655916e-01]"	"[5.02052185e+00 4.13008059e+00 1.17338363e-01 1.18719075e-01
 7.52254911e-02 7.00602698e-03 1.88050164e+00 9.08294832e+01
 1.22086801e+00 7.49862120e-01 1.56530823e+00 4.56678574e+00
 1.39003342e+01 2.35294435e+01 3.24355464e-01 6.99472229e-02
 1.15252926e+01 9.76715831e-03]"
29	True	83.02516269683838	275.3710326226288	0.5930455965853727	1.0133743388357002	0.009167413036594562	0.003594561578259567	0.01407679837595139	0.2088095097668814	0.0021092810985183304	1.0236499122242857	14.310322703865934	0.10876853871056631	0.00965531422575618	1.9016597419049306	14.706259633965109	0.3780544490784116	0.1775157424270956	0.0005040457736133401	9.319082465469632	36.11019235621475	`xtol` termination condition is satisfied.	"[5.93045597e-01 1.01337434e+00 9.16741304e-03 3.59456158e-03
 1.40767984e-02 2.08809510e-01 2.10928110e-03 1.02364991e+00
 1.43103227e+01 1.08768539e-01 9.65531423e-03 1.90165974e+00
 1.47062596e+01 3.78054449e-01 1.77515742e-01 5.04045774e-04
 9.31908247e+00 3.61101924e+01]"	"[8.97544724e+00 1.81570409e+01 1.74562518e-03 1.45989708e-02
 1.41712626e-03 7.83133401e-03 1.81458430e-01 1.05387003e+00
 1.39904474e-02 1.47358270e+00 4.27952846e-01 1.48333885e+00
 7.66110266e+01 8.00267648e-01 4.23261109e-01 1.31680995e-02
 1.50684209e+02 1.11189027e-01]"
56	True	145.2981517314911	275.40352375883316	2.8015771738844766	1.0023482809628705	0.009865276565514827	0.0038000277558404797	0.03479336853457599	0.2096293250781253	0.05422157985525505	0.2554136061013373	1.118211253721643	0.1094533108452687	0.014291018119272582	1.1011544024054465	0.6113848720237648	3.5388673517270313	0.19031751538768643	0.000815883376448301	5.796595480340832	1.4775413620162263	`xtol` termination condition is satisfied.	"[2.80157717e+00 1.00234828e+00 9.86527657e-03 3.80002776e-03
 3.47933685e-02 2.09629325e-01 5.42215799e-02 2.55413606e-01
 1.11821125e+00 1.09453311e-01 1.42910181e-02 1.10115440e+00
 6.11384872e-01 3.53886735e+00 1.90317515e-01 8.15883376e-04
 5.79659548e+00 1.47754136e+00]"	"[1.76350901e+00 2.57382426e+00 1.22535036e+00 7.44359232e-02
 1.02312032e-03 2.71763549e-03 4.58678914e+01 1.04143909e-02
 1.21918571e-01 3.44830100e-01 9.40033870e-01 2.15791767e+01
 1.49501010e+00 1.43983694e+00 6.81934350e+00 1.92009186e-01
 1.68354751e+01 3.02916452e+00]"
94	True	110.0859227180481	275.41346322988517	2.7118857746542413	1.00099673726013	0.009868981646786233	0.0038003512457701494	0.030249936722562362	0.1982445135284174	0.005457301055280718	0.2513212885840817	0.750016411724266	0.104630919753851	0.004715675827369135	7.969424580640817	3.8288885105932358	0.03126070868050959	0.20039688726503851	0.002741950988856145	1.5087046491023504	8.645470411095154	`xtol` termination condition is satisfied.	"[2.71188577e+00 1.00099674e+00 9.86898165e-03 3.80035125e-03
 3.02499367e-02 1.98244514e-01 5.45730106e-03 2.51321289e-01
 7.50016412e-01 1.04630920e-01 4.71567583e-03 7.96942458e+00
 3.82888851e+00 3.12607087e-02 2.00396887e-01 2.74195099e-03
 1.50870465e+00 8.64547041e+00]"	"[5.92433632e-01 4.35832160e+00 8.20762442e-03 2.33507784e-02
 5.43010452e-01 2.05044456e-01 4.77597253e-03 1.36700176e-01
 2.97036932e+00 5.00215428e+00 3.17378085e-01 4.88399148e+01
 3.84121366e-04 6.99099980e-01 3.67852641e-01 3.77324683e-02
 1.37446599e+00 7.30662345e+00]"
69	True	93.5007586479187	275.6170763915437	2.435128578776012	1.0015493832240128	0.009899189519639515	0.0038123384082943	0.03440684800378125	0.03659158299015047	0.00858026311874708	0.26938624204139894	3.328571456145087	0.11230263940244838	0.004071480848388582	4.0490116841640065	0.6458337189746463	0.3913533740138882	0.193825476124992	0.0014481518465742607	4.160262509163058	1.5383537744726674	`xtol` termination condition is satisfied.	"[2.43512858e+00 1.00154938e+00 9.89918952e-03 3.81233841e-03
 3.44068480e-02 3.65915830e-02 8.58026312e-03 2.69386242e-01
 3.32857146e+00 1.12302639e-01 4.07148085e-03 4.04901168e+00
 6.45833719e-01 3.91353374e-01 1.93825476e-01 1.44815185e-03
 4.16026251e+00 1.53835377e+00]"	"[3.06748992e+00 2.86694468e+00 1.41779042e-02 8.07507795e-02
 3.26707818e-01 3.24495758e-02 5.01406874e-03 8.71721266e-02
 3.25412087e+01 1.31681214e-02 1.06811132e-02 3.03552716e+01
 6.92177112e-01 4.17064137e-02 1.21432977e-01 1.44458732e-01
 9.21448870e+00 7.72398253e-01]"
15	True	98.98233079910278	275.7037527162348	7.192813313885991	1.0008390406478014	0.014194502122299966	0.0038003057163762464	0.04477133010935342	0.0359854453530371	0.5816243619448193	0.08308829254507274	0.20704088537186657	0.10365783216151749	0.007727123236451729	3.2671869158959557	0.008118476249117776	2.079208767601011	0.18292861450314785	0.007299405484520721	1.0123178933228134	0.018321183891727256	`xtol` termination condition is satisfied.	"[7.19281331e+00 1.00083904e+00 1.41945021e-02 3.80030572e-03
 4.47713301e-02 3.59854454e-02 5.81624362e-01 8.30882925e-02
 2.07040885e-01 1.03657832e-01 7.72712324e-03 3.26718692e+00
 8.11847625e-03 2.07920877e+00 1.82928615e-01 7.29940548e-03
 1.01231789e+00 1.83211839e-02]"	"[5.48846680e+00 2.48705705e+00 7.43598095e+01 6.32455680e-01
 2.09351619e-03 2.98224059e-01 2.27613327e-02 2.67196581e-02
 2.46832519e-01 5.61788204e-01 2.18265109e-02 3.76007005e+00
 2.12148702e-04 3.02220290e+01 1.24849174e-01 9.08966218e+00
 3.06038036e+01 2.03234276e-02]"
44	True	104.2220995426178	275.70907019582125	3.3190121394309866	1.0024190767310466	0.010007908567119047	0.0038524916817967883	0.03385813561099059	0.23098542852795723	0.08258471389068686	0.15356164011705556	0.11737008268641493	0.10533437852557898	0.016193206827340618	1.8635977914177182	0.3717361021173514	0.05816014026734837	0.1858614550794173	0.0003995966011030613	17.412469069496357	0.8076975889291574	`xtol` termination condition is satisfied.	"[3.31901214e+00 1.00241908e+00 1.00079086e-02 3.85249168e-03
 3.38581356e-02 2.30985429e-01 8.25847139e-02 1.53561640e-01
 1.17370083e-01 1.05334379e-01 1.61932068e-02 1.86359779e+00
 3.71736102e-01 5.81601403e-02 1.85861455e-01 3.99596601e-04
 1.74124691e+01 8.07697589e-01]"	"[2.95969237e+00 1.17426295e+00 1.86507186e-01 3.29313514e-02
 5.37305867e-03 1.05936740e-01 4.09298535e-02 4.94598991e-02
 8.52025832e-01 2.43232574e-02 2.80194488e+00 5.91518672e+00
 2.65747038e-01 6.80828087e+01 1.85716102e+00 4.75403360e-03
 1.04618581e+02 7.72387283e+00]"
5	True	66.85323357582092	275.81130312130693	1.0236993722436531	1.0000026550308123	0.009518246146539502	0.003697288672842339	0.020041552843161278	5.425531330028015	0.39396729442955924	4.140033394087012	0.281436933927454	0.12263955821167594	0.0011184768309806404	3.900809268543519	2.6610394929887735	0.10241748270639629	0.18712580194071882	0.002158816478935797	4.278681215579156	6.104061778439345	`xtol` termination condition is satisfied.	"[1.02369937e+00 1.00000266e+00 9.51824615e-03 3.69728867e-03
 2.00415528e-02 5.42553133e+00 3.93967294e-01 4.14003339e+00
 2.81436934e-01 1.22639558e-01 1.11847683e-03 3.90080927e+00
 2.66103949e+00 1.02417483e-01 1.87125802e-01 2.15881648e-03
 4.27868122e+00 6.10406178e+00]"	"[9.21638981e+00 8.80789961e+00 2.70970731e-03 1.19616533e-02
 2.35141074e-02 3.83674808e+01 1.31635825e-01 6.97635306e+00
 1.53180094e-02 2.05902522e-02 5.18782158e-01 2.09997135e+01
 6.79442348e+00 1.94758383e+00 9.68863806e-01 2.22951718e-01
 6.76258334e+00 2.50612816e+00]"
74	True	117.64700365066528	275.9950962391368	1.0281632539036014	1.0028909861052673	0.009750834211436812	0.003682720059042136	0.020392370470012924	0.5772267257919219	0.7262475018237672	19.87460685977447	1.7352116017285237	0.10367975855650394	0.010882478640298898	4.1996824210292845	0.10075722276565983	18.63120617370426	0.17617737911148726	0.0015595725530082715	12.247919925294362	0.1486020807189615	`xtol` termination condition is satisfied.	"[1.02816325e+00 1.00289099e+00 9.75083421e-03 3.68272006e-03
 2.03923705e-02 5.77226726e-01 7.26247502e-01 1.98746069e+01
 1.73521160e+00 1.03679759e-01 1.08824786e-02 4.19968242e+00
 1.00757223e-01 1.86312062e+01 1.76177379e-01 1.55957255e-03
 1.22479199e+01 1.48602081e-01]"	"[5.49697388e-01 7.87102804e+00 1.48668645e+01 2.80051610e-02
 2.04795424e-01 1.33935687e-01 3.25072689e+01 2.04542367e+00
 3.10005067e-02 1.00515320e+00 2.63177272e-02 6.77902536e+00
 2.51187735e+00 1.63908651e+00 1.69684252e-01 2.60309159e-03
 4.87313821e+01 2.21376909e+00]"
25	True	109.81108069419861	276.6677423796481	0.31659287547506704	1.0544086176960443	0.08807174873405109	0.003584694466948421	0.009956425069224848	0.5320973480229232	44.5243769766288	0.7552856142331711	4.196443548463644	0.11904476330358577	0.0015413537140054865	1.2214852844471857	0.002350961374887318	0.018730164522555607	0.204586470455763	0.00010074359095077549	3.8058923303328234	0.006346207625006101	`xtol` termination condition is satisfied.	"[3.16592875e-01 1.05440862e+00 8.80717487e-02 3.58469447e-03
 9.95642507e-03 5.32097348e-01 4.45243770e+01 7.55285614e-01
 4.19644355e+00 1.19044763e-01 1.54135371e-03 1.22148528e+00
 2.35096137e-03 1.87301645e-02 2.04586470e-01 1.00743591e-04
 3.80589233e+00 6.34620763e-03]"	"[1.53878592e-02 4.08174960e+00 2.25778362e+00 7.00208580e-01
 2.46838963e-04 1.30564404e+01 2.19460207e+01 2.38315322e-02
 1.45238867e+02 1.80001290e-01 1.24238315e-01 2.19407297e+00
 1.53603008e-03 5.20267532e+00 1.70668592e-01 1.06902766e-04
 5.64101013e+01 5.79353355e-02]"
17	True	93.43268656730652	276.9373594871829	7.261050431380859	1.0034696102347211	0.011270256570157658	0.0039024282880151546	0.044117921514391964	0.3760914017639132	2.950385125970428	0.4994943230444574	34.64004780932235	0.11947986041095147	0.0015086110388045078	1.7419887241040273	0.03251857965741194	0.010529154870279446	0.17664096167211735	0.0008305394965022209	24.98885009804352	0.05682624984927655	`xtol` termination condition is satisfied.	"[7.26105043e+00 1.00346961e+00 1.12702566e-02 3.90242829e-03
 4.41179215e-02 3.76091402e-01 2.95038513e+00 4.99494323e-01
 3.46400478e+01 1.19479860e-01 1.50861104e-03 1.74198872e+00
 3.25185797e-02 1.05291549e-02 1.76640962e-01 8.30539497e-04
 2.49888501e+01 5.68262498e-02]"	"[1.87309578e-01 2.15694433e+00 5.63731180e-03 3.82447757e-03
 8.93571811e-01 3.84066134e-02 7.08460657e+01 5.30620306e-01
 3.44141031e+01 3.72283701e+00 1.40285332e-03 1.07750805e+00
 4.70126557e-02 1.54635057e-03 5.93087342e+00 2.40890751e-03
 1.68220714e+02 7.51049995e-02]"
40	True	98.75570559501648	277.0258246785298	0.6421865848774347	1.0057547611854984	0.009327608744614453	0.0036215963948883	0.014642475939875962	4.387139740366354	1.2988712647355762	5.240088810318599	0.4451223182386458	0.10107258070820184	0.0022263071826432892	18.80796262687214	0.3932060182884421	0.009713789185920118	0.1768281943513591	0.0022428413377214716	9.718976598599035	0.5308720472236211	`xtol` termination condition is satisfied.	"[6.42186585e-01 1.00575476e+00 9.32760874e-03 3.62159639e-03
 1.46424759e-02 4.38713974e+00 1.29887126e+00 5.24008881e+00
 4.45122318e-01 1.01072581e-01 2.22630718e-03 1.88079626e+01
 3.93206018e-01 9.71378919e-03 1.76828194e-01 2.24284134e-03
 9.71897660e+00 5.30872047e-01]"	"[9.23353793e-01 8.51508177e+00 5.87135443e-02 1.71184318e-04
 4.79940916e-01 6.26653588e+00 8.17467557e+00 3.14721917e+00
 1.26754211e+01 6.63611090e-02 1.18117304e-03 3.91601408e+01
 7.30169639e+00 1.41305114e-02 6.16080203e+00 6.42225035e-04
 7.37745776e+00 3.56902059e-03]"
35	True	102.62777519226074	277.3172921491771	9.217282146706626	1.0084360034402213	0.01106759869279577	0.0039478397454663664	0.04066216123224831	1.3147936580297148	5.691047486981319	0.12993379628504567	0.2513645162750265	0.11147744508319435	0.010604548949622698	2.1818466361134154	0.031217462745521153	0.02195441848045514	0.20145506489092582	0.0008272212226139675	3.497550020548768	0.07752136611576702	`xtol` termination condition is satisfied.	"[9.21728215e+00 1.00843600e+00 1.10675987e-02 3.94783975e-03
 4.06621612e-02 1.31479366e+00 5.69104749e+00 1.29933796e-01
 2.51364516e-01 1.11477445e-01 1.06045489e-02 2.18184664e+00
 3.12174627e-02 2.19544185e-02 2.01455065e-01 8.27221223e-04
 3.49755002e+00 7.75213661e-02]"	"[1.30319083e-01 2.86385068e+00 2.48049654e-03 5.18903550e-04
 7.61365245e-01 1.49176170e+00 3.98611605e+01 8.51138879e+00
 2.03492033e-01 1.70319121e-02 1.31123785e-02 2.59341409e+00
 3.59517943e-02 7.47942179e-02 2.94859017e+00 8.13800039e+00
 1.07510292e+01 3.73251018e-02]"
99	True	103.10261821746826	277.86493985982304	0.49234921176411944	1.0127480955731052	0.009221380775951712	0.0036091855280820755	0.013013256181548973	0.12209755499901503	0.012502884509362764	0.010526376723507688	18.71776882304739	0.10665992793727072	0.0029314654026526697	2.825797786701586	1.8712885975088707	0.016217792821909712	0.1737487790266964	0.0009225245263481403	9.802664762803033	4.0112764028695205	`xtol` termination condition is satisfied.	"[4.92349212e-01 1.01274810e+00 9.22138078e-03 3.60918553e-03
 1.30132562e-02 1.22097555e-01 1.25028845e-02 1.05263767e-02
 1.87177688e+01 1.06659928e-01 2.93146540e-03 2.82579779e+00
 1.87128860e+00 1.62177928e-02 1.73748779e-01 9.22524526e-04
 9.80266476e+00 4.01127640e+00]"	"[1.13796905e-01 4.53252981e+01 1.76596450e-03 2.00976089e-03
 2.71009617e-01 9.07874052e-02 3.36232388e-02 3.76758833e-02
 1.03692110e+00 6.95966685e-01 3.76496701e-02 5.20406520e+00
 3.99782984e+00 2.27441088e+01 6.83660062e-01 2.20246095e-02
 1.19351094e+02 2.32985650e-01]"
43	True	108.64415049552917	279.38645518556484	1.8634718739298577	1.003065795790677	0.01099597678562644	0.0037663293545653898	0.029751711621561868	0.012065903142478084	0.08040587162462576	0.041678332463961236	4.200093832613286	0.11173318977768776	0.00881392346804186	2.4986962131558164	0.02526334595036487	0.015355767597061459	0.1877644809155586	0.025311013292269847	1.2314455460339384	0.0452606189522955	`xtol` termination condition is satisfied.	"[1.86347187e+00 1.00306580e+00 1.09959768e-02 3.76632935e-03
 2.97517116e-02 1.20659031e-02 8.04058716e-02 4.16783325e-02
 4.20009383e+00 1.11733190e-01 8.81392347e-03 2.49869621e+00
 2.52633460e-02 1.53557676e-02 1.87764481e-01 2.53110133e-02
 1.23144555e+00 4.52606190e-02]"	"[7.11166663e+00 3.53593782e+01 1.26008694e-03 1.84547705e-02
 8.00093675e-02 1.03401967e-03 2.32950255e-01 1.71565036e+00
 2.14842621e-01 3.93967043e+00 4.76967830e-02 1.04248217e+01
 8.39558135e-02 1.52600489e+00 1.97112683e-01 3.28578223e+00
 3.91634443e+00 2.65777816e-02]"
18	True	111.48537802696228	280.90409958601566	0.5260548576963087	1.0193702262754312	0.009150273247776747	0.0035698162589397533	0.01139779636951331	5.5295289370538105	0.2620871090086732	0.41409597150030575	0.5304355361438938	0.1051370970987856	0.01228454101869579	1.1302331321141659	3.3613953440014117	0.028274724688746842	0.18010647561496243	0.0008898961550173974	5.556642290849702	7.912890489164117	`xtol` termination condition is satisfied.	"[5.26054858e-01 1.01937023e+00 9.15027325e-03 3.56981626e-03
 1.13977964e-02 5.52952894e+00 2.62087109e-01 4.14095972e-01
 5.30435536e-01 1.05137097e-01 1.22845410e-02 1.13023313e+00
 3.36139534e+00 2.82747247e-02 1.80106476e-01 8.89896155e-04
 5.55664229e+00 7.91289049e+00]"	"[4.71342188e+00 5.76109976e+00 2.08422157e+01 2.09792532e-01
 7.53389208e-03 1.88660640e+01 8.37100762e-02 2.11626075e+01
 8.79282653e-01 1.01186984e-01 4.27864563e-02 9.64897545e+00
 6.19662451e-01 3.64661025e-02 3.74791386e+00 4.53056756e-02
 6.54304187e+01 5.80872527e+01]"
32	True	79.15616917610168	280.9098805638153	1.9033863215245173	1.0054190783395303	0.009872682961768813	0.0035657281007828866	0.02604375483093467	0.19489014928511614	0.39930104185727516	0.4248772277109946	0.4390411389591068	0.09754048694456406	0.018977939346859537	2.9936137204487983	0.05531892374442062	0.2403716657792232	0.16170474030139162	0.00937022756354241	1.5625059507023134	0.09747207515273403	`xtol` termination condition is satisfied.	"[1.90338632 1.00541908 0.00987268 0.00356573 0.02604375 0.19489015
 0.39930104 0.42487723 0.43904114 0.09754049 0.01897794 2.99361372
 0.05531892 0.24037167 0.16170474 0.00937023 1.56250595 0.09747208]"	"[3.32386066e+00 4.55682090e+01 5.43826080e-01 1.16901424e-02
 8.83942633e-03 1.28797738e+01 8.01228957e-01 1.88715275e-01
 2.47399132e+00 3.30067903e-02 2.56747802e+00 1.02419062e+01
 1.44983374e-01 3.34265450e-03 1.40545021e+00 9.19785836e-01
 2.49291318e+00 1.66670428e-02]"
92	True	175.08943247795105	288.87527535253196	1.252910950061814	1.0223320243306382	0.01626144133526211	0.003617800855113695	0.022258898940349225	0.004718288152194006	0.05155587292854642	0.7026967245416524	1.3864435209853363	0.09722039509221084	0.02149595335089837	6.066509102583128	0.007313569432281188	66.89962489473677	0.17129899226029952	0.0027962133687043783	9.654822353247635	0.005311904235822851	`xtol` termination condition is satisfied.	"[1.25291095e+00 1.02233202e+00 1.62614413e-02 3.61780086e-03
 2.22588989e-02 4.71828815e-03 5.15558729e-02 7.02696725e-01
 1.38644352e+00 9.72203951e-02 2.14959534e-02 6.06650910e+00
 7.31356943e-03 6.68996249e+01 1.71298992e-01 2.79621337e-03
 9.65482235e+00 5.31190424e-03]"	"[7.59289577e+00 2.53358451e+01 5.86325330e-02 4.87641333e-03
 3.12373712e-02 6.36467455e-03 1.38167661e-01 3.03751749e+01
 2.37826571e-02 8.93281620e-02 9.51903005e+00 1.93448053e+01
 7.58754385e-01 7.68441757e+01 4.43601229e-01 1.47407335e+00
 3.32546563e+01 1.89389915e-03]"
78	True	148.18839955329895	290.6896056743441	0.2933493967456302	1.1403991938370646	0.010818105274201762	0.0035832570837845113	0.009547231088548101	0.014746961286729891	0.21672880546440113	0.09085641905572354	34.251668641539325	0.11056595846026705	0.0014622632473390467	3.7948534344112743	0.012150065820417619	0.031921623452650115	0.18945877920031165	0.00043652451418934105	8.70407437071005	0.02806338569650595	`xtol` termination condition is satisfied.	"[2.93349397e-01 1.14039919e+00 1.08181053e-02 3.58325708e-03
 9.54723109e-03 1.47469613e-02 2.16728805e-01 9.08564191e-02
 3.42516686e+01 1.10565958e-01 1.46226325e-03 3.79485343e+00
 1.21500658e-02 3.19216235e-02 1.89458779e-01 4.36524514e-04
 8.70407437e+00 2.80633857e-02]"	"[1.42757605e+00 1.44509360e+01 3.85777333e-01 3.62274281e-04
 3.25146735e-04 3.71634520e-02 4.64303687e-02 5.35724621e-02
 2.75398464e-01 8.93185680e+00 4.15817794e-03 4.16911746e+01
 7.22642935e-02 5.29751905e-01 1.14543008e+00 1.71799193e-01
 1.60790786e+02 4.03957101e-02]"
68	True	138.20584988594055	294.9854588697565	7.373607279279085	1.0002494434489322	0.010167651343145427	0.003827937025771734	0.03893007207039748	0.2401948880617123	0.0711016160782681	8.793004715009058	61.81915315923487	0.10681693872120476	0.006958086626000787	32.73417907596321	0.11059715256823613	0.0589115070105305	0.20041578516550485	0.0008878907193229269	3.126562632768171	0.011776150873354709	`xtol` termination condition is satisfied.	"[7.37360728e+00 1.00024944e+00 1.01676513e-02 3.82793703e-03
 3.89300721e-02 2.40194888e-01 7.11016161e-02 8.79300472e+00
 6.18191532e+01 1.06816939e-01 6.95808663e-03 3.27341791e+01
 1.10597153e-01 5.89115070e-02 2.00415785e-01 8.87890719e-04
 3.12656263e+00 1.17761509e-02]"	"[4.08807930e-01 2.05356726e+01 1.11575295e-03 1.20036630e-04
 8.53617613e-01 5.56247694e+01 1.28236807e-03 2.60800710e+00
 1.88917687e+01 1.41400564e-01 3.79255951e-03 1.22693437e+01
 1.71623083e-01 3.88797724e-01 1.54020648e+00 4.49593713e+00
 2.26343844e+01 1.68643290e-02]"
37	True	141.45472073554993	299.3916999684537	0.2520010673893778	1.240081402116224	0.008526908397453573	0.00353918859646272	0.009093638402270066	3.0811503794646042	1.4840438820354813	1.3063596327349583	0.4856243299346856	0.10477731146214901	0.006841744991114824	2.052639032794743	0.3216700981121542	0.010309604823541684	0.1804918819710163	0.003937291872320523	1.510721946623777	0.6811468825802369	`xtol` termination condition is satisfied.	"[0.25200107 1.2400814  0.00852691 0.00353919 0.00909364 3.08115038
 1.48404388 1.30635963 0.48562433 0.10477731 0.00684174 2.05263903
 0.3216701  0.0103096  0.18049188 0.00393729 1.51072195 0.68114688]"	"[2.01849407e-01 1.49252413e+00 3.29147404e-02 3.42292686e-01
 2.56779264e-03 3.33359723e-03 1.27567202e+00 4.00141352e+00
 7.57321240e-01 2.63435312e+00 4.61130336e+00 1.17150650e+01
 2.94762101e-03 1.01847168e-02 6.24163063e+00 5.17400822e-04
 4.47741270e+01 2.27655164e-01]"
9	True	108.29890465736389	325.3584059717022	0.10084475744729109	1.80417590728826	0.9383875280202206	0.0039187100156304056	0.006868047109585663	0.006048290778571538	0.4836914495077634	0.028996072893205035	3.970286201074394	0.11822300718937358	0.0012499274673771817	1.8854956479255098	0.0025962105008555483	0.004221173155065492	0.2106390120765748	0.0010983369784488884	6.876149730034911	0.004760903864863894	`xtol` termination condition is satisfied.	"[1.00844757e-01 1.80417591e+00 9.38387528e-01 3.91871002e-03
 6.86804711e-03 6.04829078e-03 4.83691450e-01 2.89960729e-02
 3.97028620e+00 1.18223007e-01 1.24992747e-03 1.88549565e+00
 2.59621050e-03 4.22117316e-03 2.10639012e-01 1.09833698e-03
 6.87614973e+00 4.76090386e-03]"	"[3.81795391e-01 3.46629399e+00 3.48898104e+00 5.40484902e-03
 6.84388998e-03 1.60103495e-02 2.32877904e-02 1.03711361e-02
 3.88195000e-02 1.09748459e-02 1.06127023e-03 4.76623645e+00
 3.43487037e-02 3.92169991e-01 1.03402969e+00 6.54125051e-03
 1.90430602e+02 1.12009871e-02]"
64	True	160.92508840560913	336.83687040216324	0.013523096821825304	10.409918540940332	0.04724518363249183	0.005226286270258623	0.006067978042849729	0.0146263334571619	0.8208859347945894	5.564978802416766	2.6336746822063395	0.14373290805274375	0.0015078368011400768	2.927999515960204	0.003252521039392118	0.006428198086175452	0.25472028538904096	0.00014942146630356654	3.180267847133679	0.003207193031631254	`xtol` termination condition is satisfied.	"[1.35230968e-02 1.04099185e+01 4.72451836e-02 5.22628627e-03
 6.06797804e-03 1.46263335e-02 8.20885935e-01 5.56497880e+00
 2.63367468e+00 1.43732908e-01 1.50783680e-03 2.92799952e+00
 3.25252104e-03 6.42819809e-03 2.54720285e-01 1.49421466e-04
 3.18026785e+00 3.20719303e-03]"	"[3.83643667e-02 2.90854051e+01 6.27878569e+00 3.02077575e-04
 7.03245340e-02 1.49968989e-01 4.82503345e-02 1.33603326e-02
 4.75467017e+00 8.61649877e+00 5.02671949e-01 4.67255054e+00
 2.08525434e-02 1.58121942e-02 5.64390042e+00 4.56794262e-04
 2.29540760e+00 1.71075252e-01]"
2	True	122.06152081489563	338.8880380496938	0.010142074002918628	11.463329704615472	1.018751169665674	0.005275673608889882	0.0059248818995970625	0.27388767177628875	14.882755878100683	4.689328748476282	0.2348608355189567	0.16456082619209247	0.019966318834306572	1.0703926437425582	0.0028091878608487593	0.038022983884087404	0.27376751220763185	0.00019422018968749986	1.1191400069488877	0.0032465528939022493	`xtol` termination condition is satisfied.	"[1.01420740e-02 1.14633297e+01 1.01875117e+00 5.27567361e-03
 5.92488190e-03 2.73887672e-01 1.48827559e+01 4.68932875e+00
 2.34860836e-01 1.64560826e-01 1.99663188e-02 1.07039264e+00
 2.80918786e-03 3.80229839e-02 2.73767512e-01 1.94220190e-04
 1.11914001e+00 3.24655289e-03]"	"[2.16118106e-02 1.89008759e+00 1.12314878e+01 4.25478825e-04
 2.43372492e-04 1.19655681e-01 4.10970058e+01 6.94097703e+01
 1.93797791e+02 5.65915714e-02 8.73556551e+00 6.80693225e+00
 3.85531823e-03 4.87405939e+01 2.22538688e+00 1.35177259e+00
 4.71182822e+01 4.01112312e-01]"
97	True	99.0961766242981	339.8749191500968	0.1486290599378412	1.83445630843396	0.006716192676178061	0.003256395943671809	0.007897986816804191	22.007626400276664	1.6022371095626307	1.953381569335355	0.08190125031974374	0.10264419811859089	0.00622985053433237	1.329907457884741	2.0750356801963914	18.652883918495824	0.15609846350061735	0.00014002041981598135	1.8741030164239707	4.010755759798291	`xtol` termination condition is satisfied.	"[1.48629060e-01 1.83445631e+00 6.71619268e-03 3.25639594e-03
 7.89798682e-03 2.20076264e+01 1.60223711e+00 1.95338157e+00
 8.19012503e-02 1.02644198e-01 6.22985053e-03 1.32990746e+00
 2.07503568e+00 1.86528839e+01 1.56098464e-01 1.40020420e-04
 1.87410302e+00 4.01075576e+00]"	"[1.34333440e+00 1.07767990e+01 8.62964937e+00 2.70229373e-04
 8.89062257e-04 3.00560315e+01 6.05235787e-01 4.50358373e+00
 9.94012950e-02 3.06995591e-02 4.88163771e-02 1.29265324e+00
 3.62584854e-03 1.54999798e+00 3.82827401e+00 8.34275824e+00
 2.09128408e+02 4.89144761e+01]"
47	True	148.09988260269165	342.65221957264964	0.010007486439033948	15.593893215224268	0.0055584478479462004	0.005081609079601153	0.006061430979930845	9.16741520674558	9.058120112617589	11.023305974359394	0.6563371537218041	0.14675076281037416	0.004755458589796297	2.4223294520849086	0.16815666269171156	0.00958849715527509	0.2645607216086427	0.0005520183211438824	6.535057934751479	0.06201916909420345	`xtol` termination condition is satisfied.	"[1.00074864e-02 1.55938932e+01 5.55844785e-03 5.08160908e-03
 6.06143098e-03 9.16741521e+00 9.05812011e+00 1.10233060e+01
 6.56337154e-01 1.46750763e-01 4.75545859e-03 2.42232945e+00
 1.68156663e-01 9.58849716e-03 2.64560722e-01 5.52018321e-04
 6.53505793e+00 6.20191691e-02]"	"[4.87417363e-02 2.37772426e+01 4.13043730e-03 2.17279562e-01
 2.04898843e-04 2.81476819e+01 7.58977434e+01 2.68873177e-01
 6.51557628e+00 1.08229536e+00 6.13692861e-01 1.00047424e+00
 1.61502928e-04 4.50323472e-02 1.28847910e+00 1.76582188e+00
 3.21453703e+01 1.96297829e-03]"
58	True	119.80970811843872	345.1759253468578	0.07774287161820416	2.2767362972605474	0.06849919530441191	0.0036749014567273573	0.006259711156944421	0.028017734272164665	1.8207829468035583	0.019340889894397483	0.024225188024165525	0.11235635782410464	0.0018576446389059747	5.422364821384609	0.002814523805770714	97.53346605168504	0.18417482267958507	0.000851084798724755	12.369071771847054	0.003910594689564549	`xtol` termination condition is satisfied.	"[7.77428716e-02 2.27673630e+00 6.84991953e-02 3.67490146e-03
 6.25971116e-03 2.80177343e-02 1.82078295e+00 1.93408899e-02
 2.42251880e-02 1.12356358e-01 1.85764464e-03 5.42236482e+00
 2.81452381e-03 9.75334661e+01 1.84174823e-01 8.51084799e-04
 1.23690718e+01 3.91059469e-03]"	"[2.77631920e-01 3.71257250e+01 8.64210328e+00 1.77764589e-01
 7.71312842e-01 1.77719436e-02 4.44908259e-01 8.88521701e+01
 5.36050466e+00 7.39655571e+00 4.50484897e+00 1.50707276e+01
 1.51925906e+01 8.75384712e-01 5.42598946e+00 4.35064014e-03
 7.65299588e+01 1.91547659e-03]"
23	True	81.68507933616638	349.3579082697233	0.010184016079742848	17.29220266180543	0.00428203509082034	0.005042874098336148	0.006266567319510406	0.46926908492088387	0.018628820711177385	6.317761401841077	0.3778077238127873	0.14212879304281553	0.0013251993252844311	6.090583275427191	4.174203408146202	0.005786326704768752	0.26137186427392983	0.0007060076375717883	1.0012201215208771	0.011513106259693737	`xtol` termination condition is satisfied.	"[1.01840161e-02 1.72922027e+01 4.28203509e-03 5.04287410e-03
 6.26656732e-03 4.69269085e-01 1.86288207e-02 6.31776140e+00
 3.77807724e-01 1.42128793e-01 1.32519933e-03 6.09058328e+00
 4.17420341e+00 5.78632670e-03 2.61371864e-01 7.06007638e-04
 1.00122012e+00 1.15131063e-02]"	"[2.42779499e-02 3.18207281e+01 6.43196559e-03 2.80264902e-04
 3.20860909e-01 4.24492031e+00 1.10557980e-03 3.84031548e-02
 6.12043380e-02 1.23221997e-02 1.14095520e-03 4.14236842e+00
 3.70164566e+00 1.20169956e-02 3.10158345e+00 3.91429476e+00
 2.11625723e+01 5.27883837e-01]"
16	True	166.08348202705383	350.8438670791239	0.010115954731776155	17.515837519718023	0.004690098343996098	0.005252704160058108	0.0065093575921186895	4.1471245663437415	0.4726798892201976	1.5224786206486576	0.116085875120608	0.15008271220988453	0.014687086428971804	1.2737815544276043	1.3569687723758828	0.004772157125849308	0.2438253128983127	0.0012109118091118592	1.4171563489728856	0.0874422062816584	`xtol` termination condition is satisfied.	"[1.01159547e-02 1.75158375e+01 4.69009834e-03 5.25270416e-03
 6.50935759e-03 4.14712457e+00 4.72679889e-01 1.52247862e+00
 1.16085875e-01 1.50082712e-01 1.46870864e-02 1.27378155e+00
 1.35696877e+00 4.77215713e-03 2.43825313e-01 1.21091181e-03
 1.41715635e+00 8.74422063e-02]"	"[1.01612618e-01 4.69331247e+00 3.31171408e-01 5.39062001e-04
 1.46699716e-02 1.17412479e+00 1.28969340e+01 1.46537250e+00
 2.33896368e-02 1.72498109e+00 1.36469651e+00 3.16324553e+01
 2.24315407e-02 3.33397211e-01 1.35761288e+00 2.59733741e-02
 1.70427617e+00 2.00697477e+01]"
31	True	151.60087037086487	350.85442872540006	0.011695858680715087	15.428437522435773	0.004210417491934443	0.004931984604015205	0.0061645163592887854	0.06002126329274109	0.02816909502306526	8.569879946961624	1.0540647367095428	0.14299445004646022	0.00240747095320963	2.715548813408328	0.3703444422765036	0.008485697667405435	0.2574799446782361	0.0012696007982734776	1.3170895618736302	0.002390119021482426	`xtol` termination condition is satisfied.	"[1.16958587e-02 1.54284375e+01 4.21041749e-03 4.93198460e-03
 6.16451636e-03 6.00212633e-02 2.81690950e-02 8.56987995e+00
 1.05406474e+00 1.42994450e-01 2.40747095e-03 2.71554881e+00
 3.70344442e-01 8.48569767e-03 2.57479945e-01 1.26960080e-03
 1.31708956e+00 2.39011902e-03]"	"[4.49049179e-02 1.05175296e+01 2.46082004e-02 5.06753467e-01
 1.09927534e-04 2.02344277e-03 1.55313515e-03 5.03698083e-02
 1.27488097e+02 7.53177292e-01 1.02081084e-01 1.94956241e+01
 6.79779279e-01 4.17927260e-01 3.87314367e-01 2.51592753e+00
 3.57498531e+00 8.16543882e-01]"
53	True	172.92144441604614	350.93194604358547	0.010563129624721989	16.152741880394007	0.00522601740350333	0.005229533020673534	0.006412117271864945	0.030626570687776012	0.012431045933923959	10.141640269124022	0.7754491379171372	0.14780512221034206	0.008517845158108434	1.3638779644266237	0.40969265590854265	0.00445704245073891	0.274289487113558	0.0012527752146105971	1.3875160164985163	0.10621238619471593	`xtol` termination condition is satisfied.	"[1.05631296e-02 1.61527419e+01 5.22601740e-03 5.22953302e-03
 6.41211727e-03 3.06265707e-02 1.24310459e-02 1.01416403e+01
 7.75449138e-01 1.47805122e-01 8.51784516e-03 1.36387796e+00
 4.09692656e-01 4.45704245e-03 2.74289487e-01 1.25277521e-03
 1.38751602e+00 1.06212386e-01]"	"[1.22982922e-02 9.20030230e+00 3.54096535e-01 1.50051498e-03
 6.53274834e-02 7.01609195e-02 1.03726349e-03 1.94948675e+01
 3.36203607e-01 1.02980164e-02 5.43481427e-02 1.54689081e+00
 2.75223252e-03 2.03148551e-01 1.45162076e+00 5.59767826e-02
 2.84870767e+00 1.26608182e-02]"
84	True	125.72004842758179	351.3251953620879	0.014252828721135667	10.515040208736455	0.00663822307294483	0.005151350951701777	0.005910212592340068	0.06414354664892329	0.003284031609004234	0.013065857904590654	0.3389017253611696	0.1445723870359183	0.0011683450573557962	2.436621987164415	3.5941737838555583	4.8255004556370675	0.25696978196475856	0.0004756811740396103	3.182598606980147	3.2317251979325516	`xtol` termination condition is satisfied.	"[1.42528287e-02 1.05150402e+01 6.63822307e-03 5.15135095e-03
 5.91021259e-03 6.41435466e-02 3.28403161e-03 1.30658579e-02
 3.38901725e-01 1.44572387e-01 1.16834506e-03 2.43662199e+00
 3.59417378e+00 4.82550046e+00 2.56969782e-01 4.75681174e-04
 3.18259861e+00 3.23172520e+00]"	"[1.52804729e-02 6.55185294e+00 5.63425680e+00 1.78196367e-04
 3.71726280e-01 2.08066583e-02 8.25434747e-03 1.27642909e-02
 2.21995159e-02 1.73543634e-02 1.25267339e-03 2.88571891e+00
 1.28901957e-02 3.98833877e+00 4.01935641e-01 2.95641122e-03
 2.82786715e+01 5.57161593e+01]"
72	True	144.16753435134888	351.742768143503	0.05951268663288166	3.0283402778823563	0.00707384655111037	0.004040393690583226	0.006103887294097787	3.7655260851010777	0.46724062769261115	9.850874810735469	0.5252594542867418	0.12370616518258273	0.0011129783278734098	3.157250447224444	1.4298268673907262	0.005634754698817403	0.2496324746438547	0.0007047373618198827	1.0636138665682737	2.0756763235200224	`xtol` termination condition is satisfied.	"[5.95126866e-02 3.02834028e+00 7.07384655e-03 4.04039369e-03
 6.10388729e-03 3.76552609e+00 4.67240628e-01 9.85087481e+00
 5.25259454e-01 1.23706165e-01 1.11297833e-03 3.15725045e+00
 1.42982687e+00 5.63475470e-03 2.49632475e-01 7.04737362e-04
 1.06361387e+00 2.07567632e+00]"	"[9.50693213e-02 1.08391172e+00 1.42763836e-02 4.33946922e-01
 2.31852525e-03 1.09501468e+00 9.09207055e+00 5.21954749e+00
 1.54582394e-01 1.00869787e-01 1.00278882e-02 2.24236226e+01
 8.84364928e-03 6.27021110e-03 1.84932013e+00 1.70812606e+00
 2.38513517e+01 4.12756780e+01]"
34	True	129.03602766990662	352.1297184832909	0.013954635701208506	12.67357824012048	0.0049873901060357275	0.005013188979794807	0.006162440976273888	0.1699706970604489	0.03912026016421408	0.010051041606137219	0.161948003601153	0.1363903842374988	0.0016887815621205327	1.0000030644334428	0.812927708297022	0.005171984106375245	0.2410644319877406	0.00019796907592323836	1.000000151251466	0.323036258215864	`xtol` termination condition is satisfied.	"[1.39546357e-02 1.26735782e+01 4.98739011e-03 5.01318898e-03
 6.16244098e-03 1.69970697e-01 3.91202602e-02 1.00510416e-02
 1.61948004e-01 1.36390384e-01 1.68878156e-03 1.00000306e+00
 8.12927708e-01 5.17198411e-03 2.41064432e-01 1.97969076e-04
 1.00000015e+00 3.23036258e-01]"	"[3.97564023e-01 5.50777017e+00 5.14947634e+00 3.18158088e-03
 5.56019044e-04 6.67682760e-01 4.35764922e-02 6.68355874e-02
 7.08694177e+00 1.60137668e+00 7.99674124e-02 1.04469971e+00
 8.85939962e-04 4.37872342e+01 5.55247424e-01 3.50695828e-02
 1.56647915e+02 2.22179993e+01]"
51	True	156.3509669303894	352.4297998806809	0.010182523936610463	16.660626063063276	0.004847962339042616	0.005081461224307588	0.006234034107942524	47.18972613177657	7.266650046423573	0.033530621681788234	178.29170274463888	0.14367549546520075	0.001584159041822783	5.274520324783369	1.082159580699468	0.004932403568124484	0.2643956598613015	0.00018604653330677338	2.7181965522551663	0.21477460987448538	`xtol` termination condition is satisfied.	"[1.01825239e-02 1.66606261e+01 4.84796234e-03 5.08146122e-03
 6.23403411e-03 4.71897261e+01 7.26665005e+00 3.35306217e-02
 1.78291703e+02 1.43675495e-01 1.58415904e-03 5.27452032e+00
 1.08215958e+00 4.93240357e-03 2.64395660e-01 1.86046533e-04
 2.71819655e+00 2.14774610e-01]"	"[5.96953955e-02 2.53786683e+01 1.63498806e-03 3.56165957e-02
 1.00681144e-04 1.34984542e+00 1.69088299e+00 5.80087607e-02
 8.66605147e+01 1.59012202e+00 1.11624494e-01 2.77540396e+01
 4.56593713e+00 8.08699583e-02 2.77555859e+00 4.46098910e-04
 9.25802095e+00 6.77780945e+01]"
0	True	126.60709643363953	352.9485188970256	0.01077314724002733	15.94048085354848	0.005185899517912373	0.005261872178961824	0.0064398493307171725	2.6991003181898763	0.036370738809408464	11.49279833825951	0.5048213713624057	0.14987049095727978	0.009079954035178223	1.4605217638994976	13.144080922619484	0.004510539989915645	0.25484168998096707	0.0007587080807162502	10.640694461219084	1.9824434988570236	`xtol` termination condition is satisfied.	"[1.07731472e-02 1.59404809e+01 5.18589952e-03 5.26187218e-03
 6.43984933e-03 2.69910032e+00 3.63707388e-02 1.14927983e+01
 5.04821371e-01 1.49870491e-01 9.07995404e-03 1.46052176e+00
 1.31440809e+01 4.51053999e-03 2.54841690e-01 7.58708081e-04
 1.06406945e+01 1.98244350e+00]"	"[3.01294555e-01 1.83523786e+01 1.80506385e-01 7.63963584e-01
 2.36384249e-03 2.60454622e-03 2.88307394e+00 3.80127908e-02
 3.90940275e+00 6.90265208e+00 8.61216723e-02 2.01523545e+00
 5.46433052e+01 8.40440030e-02 3.80983179e-01 2.64322160e-03
 7.12287910e+01 3.45359935e+01]"
71	True	96.16050887107849	354.0260607013942	0.01230657913569805	14.85055131723051	0.004463501686442426	0.005009806569455811	0.006213833878228898	0.5376282548193017	1.180370267212115	1.076847615251848	0.1177897416930311	0.14164721550268022	0.001295634920774981	1.6370674404299197	0.08644974691137752	1.7725620322965823	0.2514217421902998	0.003928235874606269	1.2381475711521635	0.009601208111087545	`xtol` termination condition is satisfied.	"[1.23065791e-02 1.48505513e+01 4.46350169e-03 5.00980657e-03
 6.21383388e-03 5.37628255e-01 1.18037027e+00 1.07684762e+00
 1.17789742e-01 1.41647216e-01 1.29563492e-03 1.63706744e+00
 8.64497469e-02 1.77256203e+00 2.51421742e-01 3.92823587e-03
 1.23814757e+00 9.60120811e-03]"	"[1.87934818e-01 3.91035197e+01 4.68376434e-03 1.58531325e-01
 2.00624055e-02 3.23148737e-01 2.29505676e-02 9.17731051e-01
 7.85732461e-01 5.93471238e-01 1.90240402e+00 3.81351001e+00
 1.02094147e-03 6.06354716e-02 3.19589677e-01 6.51276305e-04
 2.91285303e+00 1.72999813e-03]"
1	True	74.9138560295105	354.9013223961622	0.017343158373848696	8.768193684679487	0.006372427374218488	0.004862158905775298	0.005678930004310863	0.17418940872517008	0.10039430388804255	81.50692572291216	4.554476333793293	0.13227823334648073	0.019410049052685056	1.732435630409251	0.2679503010933329	0.0021222975809130035	0.24668585207460655	0.008202008780604366	2.2514018397793665	0.08550815530361942	`xtol` termination condition is satisfied.	"[1.73431584e-02 8.76819368e+00 6.37242737e-03 4.86215891e-03
 5.67893000e-03 1.74189409e-01 1.00394304e-01 8.15069257e+01
 4.55447633e+00 1.32278233e-01 1.94100491e-02 1.73243563e+00
 2.67950301e-01 2.12229758e-03 2.46685852e-01 8.20200878e-03
 2.25140184e+00 8.55081553e-02]"	"[4.60277392e+00 1.50905289e+01 9.05027557e-02 5.08381912e-02
 2.20257055e-01 1.72412359e+00 3.88169685e-03 2.08249764e-01
 3.25899600e+00 3.18844684e-01 1.54429120e-01 1.15608430e+00
 1.98612191e-02 2.56185632e-03 9.95993609e+00 3.67474022e-01
 4.29356135e+00 5.08725325e-03]"
55	True	109.57542657852173	355.32771749094013	0.04135299334357326	4.458654601254748	0.005956028014536975	0.004183259491954961	0.005836009798250247	0.5983485433843803	0.1352223599336272	0.06336464016413088	47.539595712530584	0.12038722944134908	0.0030383980090198273	2.0174700833650068	0.7441467884969784	0.006498248907096418	0.2087124849667414	0.00015614061294083975	1.401371045169179	0.7320124819709046	`xtol` termination condition is satisfied.	"[4.13529933e-02 4.45865460e+00 5.95602801e-03 4.18325949e-03
 5.83600980e-03 5.98348543e-01 1.35222360e-01 6.33646402e-02
 4.75395957e+01 1.20387229e-01 3.03839801e-03 2.01747008e+00
 7.44146788e-01 6.49824891e-03 2.08712485e-01 1.56140613e-04
 1.40137105e+00 7.32012482e-01]"	"[5.76478532e+00 1.59661681e+01 8.99222204e-03 5.88688095e-03
 2.03549178e-01 1.43484130e-01 2.56364903e-01 1.75319791e+00
 1.42288505e+00 1.31673979e-01 8.67886676e-03 5.05320321e+00
 2.18547276e-04 4.25624320e+01 8.59712890e-01 1.84819091e-02
 8.68015280e+00 7.08037324e-01]"
7	True	122.1232647895813	356.04653404166424	0.01453549040257989	10.569304219209764	0.006606413413929577	0.004975966235543099	0.005800534938819398	0.03552757637674948	0.16165388365468458	6.679361350729939	0.5412210999833554	0.13856875730458354	0.0020409677994704376	5.2216932650117105	0.03656211704590634	48.73694957439863	0.39329126997646957	0.0002696498728733284	11.38764222207777	0.019803012905564094	`xtol` termination condition is satisfied.	"[1.45354904e-02 1.05693042e+01 6.60641341e-03 4.97596624e-03
 5.80053494e-03 3.55275764e-02 1.61653884e-01 6.67936135e+00
 5.41221100e-01 1.38568757e-01 2.04096780e-03 5.22169327e+00
 3.65621170e-02 4.87369496e+01 3.93291270e-01 2.69649873e-04
 1.13876422e+01 1.98030129e-02]"	"[1.19803527e-02 2.37336133e+01 1.96501656e+00 7.45043498e-02
 6.98433604e-04 6.47070387e-01 1.40102579e-03 1.04407277e-01
 6.69193385e-01 2.88965784e+00 2.69316911e-02 3.45918522e+01
 8.26848667e-04 1.41069335e+01 5.68635443e+00 3.10819413e-02
 2.65016093e+01 1.00133154e-01]"
20	True	137.95240783691406	356.7665926564881	0.01730611581641245	11.036502439400007	0.004110490223529604	0.0046421225239644485	0.005987256012169334	3.370784035657734	0.02905973420949723	7.489455461136888	0.40698615000994876	0.13208637212093105	0.0027893818071246636	3.021774008345987	18.495094409662112	49.55728494588482	0.2233471028322531	0.0003695312802910549	1.5083915256125748	1.6631630140070475	`xtol` termination condition is satisfied.	"[1.73061158e-02 1.10365024e+01 4.11049022e-03 4.64212252e-03
 5.98725601e-03 3.37078404e+00 2.90597342e-02 7.48945546e+00
 4.06986150e-01 1.32086372e-01 2.78938181e-03 3.02177401e+00
 1.84950944e+01 4.95572849e+01 2.23347103e-01 3.69531280e-04
 1.50839153e+00 1.66316301e+00]"	"[6.26354785e-02 1.15346098e+01 3.40230920e+00 1.93512284e-01
 8.02561839e-01 1.09601716e+00 9.83535517e-02 8.79706626e+00
 7.31261774e+00 1.03114826e-01 4.26322764e-02 2.87539453e+01
 2.50476038e+01 5.22546918e+01 1.47108500e+00 5.37903795e-04
 1.03065897e+00 1.57629512e+01]"
11	True	104.6536316871643	356.91845404739826	0.028792448716808826	6.333009924780289	0.005780387608651458	0.004489618881182055	0.0060012622350632235	0.04011619315272626	0.01159419578291222	3.1902618457334446	0.25089034978506625	0.1308793876570243	0.005737441581168504	1.844434279252922	0.598903053337233	0.0043961072517759445	0.21784884801153911	0.00104960216339535	6.247613654383767	0.3485099290909764	`xtol` termination condition is satisfied.	"[2.87924487e-02 6.33300992e+00 5.78038761e-03 4.48961888e-03
 6.00126224e-03 4.01161932e-02 1.15941958e-02 3.19026185e+00
 2.50890350e-01 1.30879388e-01 5.73744158e-03 1.84443428e+00
 5.98903053e-01 4.39610725e-03 2.17848848e-01 1.04960216e-03
 6.24761365e+00 3.48509929e-01]"	"[7.10185059e-02 1.53644709e+01 1.71989276e-01 6.62963313e-02
 3.58009787e-02 1.45661895e-03 2.66636724e+00 1.86860499e-01
 2.06010336e+01 8.33866736e+00 1.01300573e-02 6.33931148e+00
 7.11727628e+01 1.41210102e+00 2.17038089e+00 3.86234149e-03
 1.40594608e+01 2.23678992e-01]"
85	True	65.70039963722229	357.892766199081	0.010289756778317158	17.235699089110053	0.004939282740019611	0.005260228663217866	0.006548275519223332	0.5324852666967981	0.10265956083687	1.1183994496476324	54.710079786979335	0.14647132584093792	0.004740803656125156	1.2147571559932913	0.9774104207651348	0.04707654847277851	0.28899150431478726	0.0021153345349248097	3.148016334645374	0.21430973631950226	`xtol` termination condition is satisfied.	"[1.02897568e-02 1.72356991e+01 4.93928274e-03 5.26022866e-03
 6.54827552e-03 5.32485267e-01 1.02659561e-01 1.11839945e+00
 5.47100798e+01 1.46471326e-01 4.74080366e-03 1.21475716e+00
 9.77410421e-01 4.70765485e-02 2.88991504e-01 2.11533453e-03
 3.14801633e+00 2.14309736e-01]"	"[3.03785207e-02 4.23503719e+01 4.58148990e-03 4.32050364e-02
 1.41479350e-03 1.67377500e+00 2.29122937e-02 3.54264700e-02
 1.48194570e+00 2.56743940e-02 4.96437638e-02 1.62954777e+00
 2.07574450e+00 2.39588591e+00 2.32844221e+00 8.23987708e+00
 1.74761085e+01 1.28004431e+00]"
4	True	131.55101203918457	357.9609927718891	0.3509430683863872	1.0027308806981734	0.009490672745929456	0.0037379614674267676	0.01011497211081811	9.494614861441583	0.29136275118352467	0.11798915516665856	42.28010518760419	0.09471991711710043	0.43662513457780405	3.6892114448227336	1.3997922624480204	0.055839722306262295	0.19578981561484227	0.00017011705225494225	3.3655288453643166	1.322349328235601	`xtol` termination condition is satisfied.	"[3.50943068e-01 1.00273088e+00 9.49067275e-03 3.73796147e-03
 1.01149721e-02 9.49461486e+00 2.91362751e-01 1.17989155e-01
 4.22801052e+01 9.47199171e-02 4.36625135e-01 3.68921144e+00
 1.39979226e+00 5.58397223e-02 1.95789816e-01 1.70117052e-04
 3.36552885e+00 1.32234933e+00]"	"[8.46178912e-01 3.52043869e+01 3.60605564e-03 1.33724184e-04
 7.88575898e-02 9.67263085e+00 5.17062303e-01 4.70384553e+00
 6.74173419e+01 8.27698407e-02 7.32275846e-01 2.61787333e+01
 2.53205459e+00 1.31127509e-02 1.70666984e-01 1.49022940e-04
 1.24124333e+00 5.13062613e+00]"
46	True	112.6640772819519	358.3107658911702	0.021434591116328203	8.12138495783796	0.005667139032354521	0.004752671846804713	0.00587406763777922	1.8360774636694146	0.1866672200669693	0.5165221476568816	0.02884820383767838	0.13317807109658492	0.006903991790512274	2.2326603047494773	1.5306973585475765	0.002476274959368097	0.23218921654610025	0.001419723930460257	1.6108970421936768	0.7875765494654232	`xtol` termination condition is satisfied.	"[2.14345911e-02 8.12138496e+00 5.66713903e-03 4.75267185e-03
 5.87406764e-03 1.83607746e+00 1.86667220e-01 5.16522148e-01
 2.88482038e-02 1.33178071e-01 6.90399179e-03 2.23266030e+00
 1.53069736e+00 2.47627496e-03 2.32189217e-01 1.41972393e-03
 1.61089704e+00 7.87576549e-01]"	"[1.24948466e-02 3.86121120e+00 1.62806033e-02 2.25685931e-03
 2.19053669e-03 6.02165170e+01 1.02347717e-02 1.07285473e-02
 1.02813366e-01 1.80508637e-01 3.01389042e-02 2.02840500e+00
 3.77479307e-03 2.89897819e-03 1.03117659e-01 4.43831232e-01
 1.70185183e+02 5.92405906e-01]"
93	True	154.5337691307068	358.8097810361373	0.01954870344330227	9.753960167398281	0.00429923096026638	0.004620329784354707	0.00586780845599695	0.1970618006851652	0.001030693431782954	2.9155985066595385	2.066359404386673	0.12844747872812562	0.0013792512733865878	6.866522414239341	33.04600718420559	0.010753990772377667	0.22725634845600887	0.0006089107055903722	10.216773265789554	0.00947498680959898	`xtol` termination condition is satisfied.	"[1.95487034e-02 9.75396017e+00 4.29923096e-03 4.62032978e-03
 5.86780846e-03 1.97061801e-01 1.03069343e-03 2.91559851e+00
 2.06635940e+00 1.28447479e-01 1.37925127e-03 6.86652241e+00
 3.30460072e+01 1.07539908e-02 2.27256348e-01 6.08910706e-04
 1.02167733e+01 9.47498681e-03]"	"[7.88831374e-01 2.28245573e+01 2.56572589e-02 9.84510203e-01
 5.62858493e-04 1.95577930e-02 1.77602764e-03 1.11919765e-02
 1.72884759e+02 5.94743587e-02 2.10459505e-03 1.21608442e+01
 3.18191562e+01 4.98938068e-03 1.51963098e+00 2.03168889e-03
 7.70120658e+01 3.87977755e-02]"
87	True	103.55310201644897	359.20764344342143	0.019624311300575195	9.039688746205558	0.0053249006032710985	0.004859480169162597	0.005910775630699942	0.48665348231801125	0.010694242405302102	2.8757454942544483	0.9471286505335176	0.13434982045609525	0.003144948672330382	2.311872424316827	7.803329836246916	0.025474942348733508	0.23738155565945587	0.0003634419855551997	5.280670941109253	3.801924124517619	`xtol` termination condition is satisfied.	"[1.96243113e-02 9.03968875e+00 5.32490060e-03 4.85948017e-03
 5.91077563e-03 4.86653482e-01 1.06942424e-02 2.87574549e+00
 9.47128651e-01 1.34349820e-01 3.14494867e-03 2.31187242e+00
 7.80332984e+00 2.54749423e-02 2.37381556e-01 3.63441986e-04
 5.28067094e+00 3.80192412e+00]"	"[2.23305237e-01 7.21859532e+00 3.54790100e-02 7.92148581e-01
 1.64570952e-02 8.95261197e-01 1.46629833e-03 9.80848791e+00
 6.68646303e+01 7.03586124e+00 1.08746727e-02 1.29569455e+00
 1.46642296e-01 2.07149867e-02 1.86831587e-01 1.01757083e-02
 5.61204053e+00 1.58126941e+01]"
48	True	91.38294911384583	359.2992808135181	0.019600936772914475	8.751583914338557	0.005896794481040647	0.004888469280555787	0.006008131248377368	0.007273190231536025	0.005951945114311164	0.011133764511625639	147.20135259979065	0.1367316686157898	0.005525283844029175	2.7343171034840776	0.18881180853040005	0.004099777870990635	0.2392032370605491	0.0015347170797702899	1.707062734667825	0.10096400773145295	`xtol` termination condition is satisfied.	"[1.96009368e-02 8.75158391e+00 5.89679448e-03 4.88846928e-03
 6.00813125e-03 7.27319023e-03 5.95194511e-03 1.11337645e-02
 1.47201353e+02 1.36731669e-01 5.52528384e-03 2.73431710e+00
 1.88811809e-01 4.09977787e-03 2.39203237e-01 1.53471708e-03
 1.70706273e+00 1.00964008e-01]"	"[2.54436461e-02 1.14621854e+01 1.26851623e+00 4.61213234e-03
 6.19284842e-02 5.96662645e-03 1.50791061e-03 2.84493765e+01
 9.47784665e+01 5.12015886e-01 1.37878854e-01 1.52310912e+01
 1.86316187e-02 3.51782493e-03 3.17853304e+00 1.56326769e-02
 2.35783452e+00 1.52888568e+00]"
38	True	103.81748390197754	360.9571659289431	0.01834555057678742	9.632902441625665	0.005491544258110632	0.004905535103113055	0.0061232753462686475	2.571089334945456	0.04584377109103781	1.6527373519266424	0.06187099102214728	0.13835863585416464	0.0019392659475153911	7.37670382335724	8.122109891146897	37.289683337535344	0.2613246227088117	0.0001272778476481764	5.979242335594353	3.631023221565984	`xtol` termination condition is satisfied.	"[1.83455506e-02 9.63290244e+00 5.49154426e-03 4.90553510e-03
 6.12327535e-03 2.57108933e+00 4.58437711e-02 1.65273735e+00
 6.18709910e-02 1.38358636e-01 1.93926595e-03 7.37670382e+00
 8.12210989e+00 3.72896833e+01 2.61324623e-01 1.27277848e-04
 5.97924234e+00 3.63102322e+00]"	"[2.79302989e-02 2.03450832e+01 5.11887476e-03 7.45100209e-04
 2.81881588e-02 1.55872671e-01 2.41544989e-01 6.31960528e-01
 3.89547617e-02 1.10146518e-01 3.37607706e-03 3.66331854e+01
 1.77021688e+01 1.31501725e+01 9.26535420e+00 1.26408940e-02
 9.71254566e+01 3.53412543e+01]"
61	True	119.66001605987549	363.62965766557295	0.06066728366252591	3.867567640053585	0.005119343546682237	0.003693220550573675	0.006587495950358902	2.1146196951705245	1.275066477833147	15.399669960194364	0.2953376077703466	0.10661526862273986	0.0012514681722181275	1.0019664038222764	0.31635000711588085	73.57051474691735	0.17125531987185644	0.0005627509657636558	6.0988397672056855	0.2382159762326515	`xtol` termination condition is satisfied.	"[6.06672837e-02 3.86756764e+00 5.11934355e-03 3.69322055e-03
 6.58749595e-03 2.11461970e+00 1.27506648e+00 1.53996700e+01
 2.95337608e-01 1.06615269e-01 1.25146817e-03 1.00196640e+00
 3.16350007e-01 7.35705147e+01 1.71255320e-01 5.62750966e-04
 6.09883977e+00 2.38215976e-01]"	"[1.47133805e-02 1.15138834e+00 4.41828398e-02 3.36333632e-02
 2.36099279e-02 8.52160184e+00 3.64707093e+01 5.12550473e+01
 3.88927574e-01 1.88810212e+00 1.00119697e-03 1.40635836e+00
 9.15142387e+00 3.28076940e+01 3.05457230e+00 3.06000143e-02
 1.64670075e+02 4.97051090e-02]"
66	True	119.5917580127716	365.32101543383163	0.030498210546008344	5.687349977556833	0.006144826393235279	0.004449228830031965	0.005768817064075028	0.11512827609528259	0.013333738901503283	4.40510593687377	0.14033638415877342	0.1324159821444121	0.007055240297462243	3.3699741709165383	1.1398137638203256	3.429794559032494	0.21712762232839944	0.003050747597935654	1.2244500075479452	0.8466838702365524	`xtol` termination condition is satisfied.	"[3.04982105e-02 5.68734998e+00 6.14482639e-03 4.44922883e-03
 5.76881706e-03 1.15128276e-01 1.33337389e-02 4.40510594e+00
 1.40336384e-01 1.32415982e-01 7.05524030e-03 3.36997417e+00
 1.13981376e+00 3.42979456e+00 2.17127622e-01 3.05074760e-03
 1.22445001e+00 8.46683870e-01]"	"[4.58668603e-02 1.33036672e+01 1.92555873e+00 1.54061136e-03
 2.51188676e-04 1.19722537e-03 1.36061180e-01 1.07237365e+00
 6.88134308e-02 6.32582760e-02 1.90250851e-01 3.77120393e+01
 4.89896430e-02 2.09525738e+01 9.30076663e+00 5.74008399e-01
 5.93382181e+01 2.74243420e+01]"
91	True	150.3031325340271	365.8278401023316	0.016809705462010462	10.105718775900336	0.00592155435135223	0.004996240753335829	0.006022098536996112	5.457095617027071	3.3722418693415523	0.40575538022379926	0.982781778415021	0.13486494403163926	0.018049247022292898	1.127116552719992	0.235482425374368	0.3497988008884908	0.22976315294022048	0.00013115074201222336	1.4582091592415451	0.14402927122649817	`xtol` termination condition is satisfied.	"[1.68097055e-02 1.01057188e+01 5.92155435e-03 4.99624075e-03
 6.02209854e-03 5.45709562e+00 3.37224187e+00 4.05755380e-01
 9.82781778e-01 1.34864944e-01 1.80492470e-02 1.12711655e+00
 2.35482425e-01 3.49798801e-01 2.29763153e-01 1.31150742e-04
 1.45820916e+00 1.44029271e-01]"	"[3.40804923e-02 2.25728382e+00 1.37454486e+00 1.32314739e-04
 1.06566205e-02 2.84303958e+00 3.06141097e+00 3.96792445e-01
 2.64336458e-01 2.15840890e-01 1.72565966e+00 2.22015092e+00
 7.18210044e-02 1.76547832e-01 1.44035319e-01 3.71069220e-04
 1.15532039e+01 2.22347193e+00]"
19	True	83.41823387145996	368.71695591288494	0.019140522448424672	9.311011445761201	0.005597569085917182	0.004865499087512289	0.006067552248806402	0.2664391249883742	0.08678495870017039	2.114629582642242	0.06219671789698179	0.13960370612854636	0.005644099458139686	8.206382443216935	0.33556711247672016	71.03854212789187	0.249433392642396	0.0003117749987246641	18.004192784870984	0.026512514360845642	`xtol` termination condition is satisfied.	"[1.91405224e-02 9.31101145e+00 5.59756909e-03 4.86549909e-03
 6.06755225e-03 2.66439125e-01 8.67849587e-02 2.11462958e+00
 6.21967179e-02 1.39603706e-01 5.64409946e-03 8.20638244e+00
 3.35567112e-01 7.10385421e+01 2.49433393e-01 3.11774999e-04
 1.80041928e+01 2.65125144e-02]"	"[3.50966015e-02 4.57916139e+01 5.86445129e+00 8.07336039e-03
 2.90358703e-04 5.36423102e-01 2.75163263e-01 1.48094524e-01
 6.61838390e+00 1.19689909e+00 4.72785608e-01 1.70855047e+01
 7.10612305e+00 5.19679237e+00 2.90061864e-01 1.69889427e-04
 2.73137657e+01 9.21681723e-03]"
36	True	156.55084419250488	368.7977633863895	0.017810861163091232	8.827295689251423	0.006505875172908885	0.004991481340389774	0.005938895497078159	0.01792111921006825	0.019369527592350017	4.987909778242348	0.17459909011328123	0.14586324393284508	0.009693615482713093	2.058097043570646	0.20325989510527323	0.0020470683929621983	0.23297922242653055	0.000766588933581026	43.71075792066285	0.028828313399278035	`xtol` termination condition is satisfied.	"[1.78108612e-02 8.82729569e+00 6.50587517e-03 4.99148134e-03
 5.93889550e-03 1.79211192e-02 1.93695276e-02 4.98790978e+00
 1.74599090e-01 1.45863244e-01 9.69361548e-03 2.05809704e+00
 2.03259895e-01 2.04706839e-03 2.32979222e-01 7.66588934e-04
 4.37107579e+01 2.88283134e-02]"	"[1.18466274e-02 1.32714122e+00 1.69881157e+00 1.50261985e-01
 1.77612016e-02 2.63994269e-02 6.45575486e-03 4.97558155e+01
 1.82033816e-01 6.55742608e+00 1.29838114e+00 5.16918870e+00
 3.99518507e+01 1.63010175e-03 1.40749313e-01 2.52214785e-04
 5.78853484e+01 1.50767812e-03]"
82	True	148.92749786376953	369.47000374194147	0.9271436817837314	1.0000426682403574	0.009292085481944282	0.0036167939059507928	0.018671967245330323	0.07658706551919725	0.01819141118378244	0.6767705376392388	0.2553922122017554	4.256462890996555	0.300081863242046	3.7635815803884105	1.0721400129127852	59.95095999347275	0.16490031978199077	0.0013779378432011312	14.025644548072131	1.8925721465364587	`xtol` termination condition is satisfied.	"[9.27143682e-01 1.00004267e+00 9.29208548e-03 3.61679391e-03
 1.86719672e-02 7.65870655e-02 1.81914112e-02 6.76770538e-01
 2.55392212e-01 4.25646289e+00 3.00081863e-01 3.76358158e+00
 1.07214001e+00 5.99509600e+01 1.64900320e-01 1.37793784e-03
 1.40256445e+01 1.89257215e+00]"	"[3.99368845e-01 1.48757375e+00 1.93566038e+00 2.12492732e-03
 2.75803167e-02 3.02148887e-03 3.67759614e-02 2.99283372e-01
 3.85405160e-01 1.66080131e+00 3.53353380e+00 4.84213791e+01
 5.58955350e+01 4.77508607e+01 3.31273698e+00 1.04758649e-01
 9.78008976e+01 5.48163942e-02]"
95	True	83.55219674110413	375.5449741592229	0.015284373220942414	8.853833116035768	50.414148376622734	0.0052728824980113834	0.006209255372701322	0.04765902447687296	2.1579065691735484	0.44441648986233556	0.07261713840542344	0.31093780988452097	0.05705195882736601	2.318687444815878	0.0030961036331127335	0.004557334623445482	0.2564889084064776	0.009552145199054054	1.1383953380400185	0.0025397161937245377	`xtol` termination condition is satisfied.	"[1.52843732e-02 8.85383312e+00 5.04141484e+01 5.27288250e-03
 6.20925537e-03 4.76590245e-02 2.15790657e+00 4.44416490e-01
 7.26171384e-02 3.10937810e-01 5.70519588e-02 2.31868744e+00
 3.09610363e-03 4.55733462e-03 2.56488908e-01 9.55214520e-03
 1.13839534e+00 2.53971619e-03]"	"[1.09641974e-02 7.24382438e+00 9.07772181e+01 7.98215750e-04
 9.59564532e-02 1.66418000e-03 2.82297781e+01 2.01967746e+00
 4.41576574e-02 6.52342473e+00 1.83638209e-01 1.79445727e+00
 1.33494300e-02 1.11230387e-02 1.84463731e+00 5.70226177e-01
 2.86018564e+00 7.46680327e-03]"
57	True	118.0302882194519	386.55817481963544	0.05946638395035712	3.2010289279843644	0.00600284303261809	0.0036523934423602494	0.005855019719481988	0.865065774504799	0.22505720897207937	0.35537992244077166	0.030475945250534164	0.10272640280513515	0.00335003603209729	4.509332762888431	0.5710521146266522	66.29206892521893	0.520091882161689	0.0011910793316487942	9.073807490089221	0.48764084856641005	`xtol` termination condition is satisfied.	"[5.94663840e-02 3.20102893e+00 6.00284303e-03 3.65239344e-03
 5.85501972e-03 8.65065775e-01 2.25057209e-01 3.55379922e-01
 3.04759453e-02 1.02726403e-01 3.35003603e-03 4.50933276e+00
 5.71052115e-01 6.62920689e+01 5.20091882e-01 1.19107933e-03
 9.07380749e+00 4.87640849e-01]"	"[3.73031703e-02 1.22063583e+00 1.15108849e-02 2.10240341e-03
 1.48082028e-02 1.30755498e+01 1.08216460e-02 6.30460163e-01
 7.97900730e-01 4.71463596e+00 4.53284347e-01 3.17900979e+00
 6.59952380e-04 4.23756547e-03 1.15010294e-01 5.81416508e+00
 2.78548981e+01 5.35342326e-03]"
14	True	148.95404744148254	402.2102665677296	0.01150336861209204	14.109902658224936	0.005366145754417811	0.005067781880274896	0.00617395880633506	0.45794179283114506	0.040287558997264016	7.971791281167009	1.0139834886831145	0.14233107356174246	0.006500581383505494	1.0830932481190514	2.3976618864773767	2.9618194634620703	0.27492379817734663	7.887574660151169	1.0432539604718827	0.3885601111389013	`xtol` termination condition is satisfied.	"[1.15033686e-02 1.41099027e+01 5.36614575e-03 5.06778188e-03
 6.17395881e-03 4.57941793e-01 4.02875590e-02 7.97179128e+00
 1.01398349e+00 1.42331074e-01 6.50058138e-03 1.08309325e+00
 2.39766189e+00 2.96181946e+00 2.74923798e-01 7.88757466e+00
 1.04325396e+00 3.88560111e-01]"	"[1.84564132e-02 1.75160900e+01 5.68118130e-02 1.93440069e-02
 1.01019272e-04 3.71760040e+00 5.49836408e-03 1.37199322e+01
 1.06012975e+02 5.97123728e-02 1.52567268e-01 1.51038505e+00
 7.79708250e-04 1.31567129e-02 6.38926998e+00 6.72343201e-01
 2.94181592e+00 3.15730481e+00]"
96	True	102.34276008605957	404.54013730554755	0.03541519039300151	4.023684575596414	0.007694651303892261	0.00453121249505858	0.0052211640049980666	0.4856227362646005	0.025572973847685556	0.4831602081107051	12.593003507049236	0.2613016627128098	0.16826201560538895	1.074967431824978	2.9910432125299082	4.799104022690226	0.1944505055034799	0.0008752391223668259	3.971140460944968	3.9675938592759916	`xtol` termination condition is satisfied.	"[3.54151904e-02 4.02368458e+00 7.69465130e-03 4.53121250e-03
 5.22116400e-03 4.85622736e-01 2.55729738e-02 4.83160208e-01
 1.25930035e+01 2.61301663e-01 1.68262016e-01 1.07496743e+00
 2.99104321e+00 4.79910402e+00 1.94450506e-01 8.75239122e-04
 3.97114046e+00 3.96759386e+00]"	"[2.58255588e+00 5.81638855e+00 2.10449023e-01 5.42393229e-02
 5.84798866e-03 9.76740332e+00 2.78071805e-02 5.10752864e+01
 3.99550480e+00 1.65862286e+00 2.80995113e-03 3.54274427e+00
 9.49465082e+00 6.39389198e+00 8.89794013e+00 3.28164327e-03
 2.10137987e+01 4.50535736e-01]"
73	True	112.1913537979126	408.4398808775524	0.015967970288978107	8.656110686750402	0.007100122909834572	0.005002815258036414	0.005738154060984225	0.8506278101476957	0.019071752468804753	3.325124952024824	0.46691220524110283	0.1344017200473286	0.003640348057750141	1.9106970840605915	9.123583210609992	0.48940518612688777	0.35842752343599243	1.4681615095928888	1.2116252340704283	6.174758533615833	`xtol` termination condition is satisfied.	"[1.59679703e-02 8.65611069e+00 7.10012291e-03 5.00281526e-03
 5.73815406e-03 8.50627810e-01 1.90717525e-02 3.32512495e+00
 4.66912205e-01 1.34401720e-01 3.64034806e-03 1.91069708e+00
 9.12358321e+00 4.89405186e-01 3.58427523e-01 1.46816151e+00
 1.21162523e+00 6.17475853e+00]"	"[2.59829696e-02 1.71946794e+01 5.02699797e-02 1.59880106e-04
 5.02815035e-02 4.57119815e+00 4.76082716e-03 4.51739757e+01
 7.26059388e+00 6.74749390e-02 5.59253118e+00 1.03641441e+01
 1.62961107e-04 8.99993462e+00 8.73622935e-01 6.32876988e-01
 1.28227236e+00 6.98612499e+00]"
10	True	101.18721055984497	412.6720064122985	0.06454523980209978	2.650375799418679	0.013632419877568382	0.004092277556735784	0.006206593542776584	0.021618519958121554	0.6129229869538421	0.014577440352314527	7.984375500403254	0.3543692195950942	0.3841629711338336	1.2491878933845895	0.006103092566499391	26.077435059662715	0.20535456578650618	0.0016036019593780179	5.221756964210903	0.008660435778678525	`xtol` termination condition is satisfied.	"[6.45452398e-02 2.65037580e+00 1.36324199e-02 4.09227756e-03
 6.20659354e-03 2.16185200e-02 6.12922987e-01 1.45774404e-02
 7.98437550e+00 3.54369220e-01 3.84162971e-01 1.24918789e+00
 6.10309257e-03 2.60774351e+01 2.05354566e-01 1.60360196e-03
 5.22175696e+00 8.66043578e-03]"	"[4.37759919e-01 9.29137647e+00 1.37184227e+00 1.06308731e-03
 8.56266559e-04 4.95239173e-03 5.61121454e+00 1.31107888e-02
 8.13954917e-02 2.95403467e-01 1.59416217e+00 4.41625790e+01
 1.22360933e-01 4.98043691e+01 2.23023665e-01 4.48376728e-04
 4.18229053e+00 1.30079072e-03]"
62	True	129.3637557029724	499.46763520990874	0.02242506812081291	8.624393264852847	0.003839601432996501	0.00423684288704452	0.005713801907580121	0.020474035613124473	0.018142053289203836	89.30205141939366	122.0069652821161	6.964611075519255	2.844801814870435	2.041061148627212	0.24527261608564313	0.010365034273581429	0.4586169982118714	3.8027474409561757	1.0023044734287607	0.001247640902319656	`xtol` termination condition is satisfied.	"[2.24250681e-02 8.62439326e+00 3.83960143e-03 4.23684289e-03
 5.71380191e-03 2.04740356e-02 1.81420533e-02 8.93020514e+01
 1.22006965e+02 6.96461108e+00 2.84480181e+00 2.04106115e+00
 2.45272616e-01 1.03650343e-02 4.58616998e-01 3.80274744e+00
 1.00230447e+00 1.24764090e-03]"	"[1.29896051e-01 4.56042979e+01 4.84082442e-03 1.20736052e-02
 5.65531181e-02 2.43644608e+01 9.02647779e-01 2.22256578e-01
 9.01792740e-02 7.26314767e-01 5.00762509e+00 1.90381085e+01
 3.83044106e-04 2.28871486e-01 7.31357270e-01 5.31348254e-03
 9.90749213e+01 4.22953089e-03]"
80	True	88.23030400276184	772.7189425225148	0.021117848047111937	9.7688781652071	0.0032866748365105373	0.004308652480767675	0.0058314354190043645	10.882030824792148	3.9204016604772813	4.913112170795211	7.6550227318188755	0.12479107336889816	0.005315346416955928	2.2302366661395	0.00032123934563071536	0.005734777373765286	0.8955827040968415	2.863731036305864	194.18978362629386	0.31663742804138006	`xtol` termination condition is satisfied.	"[2.11178480e-02 9.76887817e+00 3.28667484e-03 4.30865248e-03
 5.83143542e-03 1.08820308e+01 3.92040166e+00 4.91311217e+00
 7.65502273e+00 1.24791073e-01 5.31534642e-03 2.23023667e+00
 3.21239346e-04 5.73477737e-03 8.95582704e-01 2.86373104e+00
 1.94189784e+02 3.16637428e-01]"	"[4.03825459e+00 1.85852868e+01 2.17024013e-03 2.40434201e-02
 1.69697051e-03 4.96860612e+01 7.51763145e+00 2.38032470e+00
 1.00918122e+01 1.11565211e-01 3.97169633e-01 4.91995551e+00
 1.15948454e-04 8.63221475e-03 9.87987771e-01 2.08402886e+00
 1.87475484e+02 1.78218556e-01]"
